CREATE TABLE locations (
  id SERIAL NOT NULL PRIMARY KEY,
  city CHARACTER VARYING(255) NOT NULL,
  country CHARACTER VARYING(255) NOT NULL,
  country_code CHARACTER VARYING(2) NOT NULL
);
ALTER TABLE locations OWNER TO tarik;


-- MAYBE ALSO BRAND/MODEL? IDK, mail is not very detailed -- 

CREATE TABLE switches (
  id SERIAL NOT NULL PRIMARY KEY,
  alias CHARACTER VARYING(255) NOT NULL,
  port_count SMALLSERIAL NOT NULL,
  location_id INTEGER NOT NULL REFERENCES locations(id)
);

ALTER TABLE switches OWNER TO tarik;

-- Just creating it columns randomly. Not a grand design or smth 

CREATE TABLE ports (
  id SERIAL NOT NULL PRIMARY KEY,
  creation_time TIMESTAMPTZ NOT NULL DEFAULT now(),
  interface_name CHARACTER VARYING(255) NOT NULL,
  port SMALLSERIAL NOT NULL,
  vlan_id INTEGER NOT NULL,
  ipv6 CHARACTER VARYING(255) NOT NULL,
  switch_id SERIAL NOT NULL REFERENCES switches(id)
);
ALTER TABLE ports OWNER TO tarik;

-- SEED 
-- USED https://www.mockaroo.com/ there might be some stupid data in it, dont worry.  --

insert into locations (id, city, country, country_code) values (1, 'Budapest', 'Hungary', 'HU');
insert into locations (id, city, country, country_code) values (2, 'Yiliu', 'China', 'CN');
insert into locations (id, city, country, country_code) values (3, 'El Real', 'Venezuela', 'VE');
insert into locations (id, city, country, country_code) values (4, 'Zagórze', 'Poland', 'PL');
insert into locations (id, city, country, country_code) values (5, 'Lutsk', 'Ukraine', 'UA');
insert into locations (id, city, country, country_code) values (6, 'Białołeka', 'Poland', 'PL');
insert into locations (id, city, country, country_code) values (7, 'Wang Saphung', 'Thailand', 'TH');
insert into locations (id, city, country, country_code) values (8, 'Lilongwe', 'Malawi', 'MW');
insert into locations (id, city, country, country_code) values (9, 'Kalisangkrah Lor', 'Indonesia', 'ID');
insert into locations (id, city, country, country_code) values (10, 'Migrate', 'United States', 'US');
insert into locations (id, city, country, country_code) values (11, 'Pangkalanbunut', 'Indonesia', 'ID');
insert into locations (id, city, country, country_code) values (12, 'Tsuruga', 'Japan', 'JP');
insert into locations (id, city, country, country_code) values (13, 'Magangué', 'Colombia', 'CO');
insert into locations (id, city, country, country_code) values (14, 'Níkiti', 'Greece', 'GR');
insert into locations (id, city, country, country_code) values (15, 'Boulsa', 'Burkina Faso', 'BF');
insert into locations (id, city, country, country_code) values (16, 'San Marcos', 'El Salvador', 'SV');
insert into locations (id, city, country, country_code) values (17, 'Shostka', 'Ukraine', 'UA');
insert into locations (id, city, country, country_code) values (18, 'Qingshu', 'China', 'CN');
insert into locations (id, city, country, country_code) values (19, 'Smokvica', 'Croatia', 'HR');
insert into locations (id, city, country, country_code) values (20, 'Yongyang', 'China', 'CN');
insert into locations (id, city, country, country_code) values (21, 'Głogów Małopolski', 'Poland', 'PL');
insert into locations (id, city, country, country_code) values (22, 'Hushan', 'China', 'CN');
insert into locations (id, city, country, country_code) values (23, 'Bakalang', 'Indonesia', 'ID');
insert into locations (id, city, country, country_code) values (24, 'Kogon', 'Uzbekistan', 'UZ');
insert into locations (id, city, country, country_code) values (25, 'Bocana de Paiwas', 'Nicaragua', 'NI');
insert into locations (id, city, country, country_code) values (26, 'Kanash', 'Russia', 'RU');
insert into locations (id, city, country, country_code) values (27, 'Hulitu', 'China', 'CN');
insert into locations (id, city, country, country_code) values (28, 'Non Sila', 'Thailand', 'TH');
insert into locations (id, city, country, country_code) values (29, 'Longtian', 'China', 'CN');
insert into locations (id, city, country, country_code) values (30, 'Maikawada', 'Indonesia', 'ID');
insert into locations (id, city, country, country_code) values (31, 'Toyoshina', 'Japan', 'JP');
insert into locations (id, city, country, country_code) values (32, 'Ongkharak', 'Thailand', 'TH');
insert into locations (id, city, country, country_code) values (33, 'Ōnojō', 'Japan', 'JP');
insert into locations (id, city, country, country_code) values (34, 'Borehbangle', 'Indonesia', 'ID');
insert into locations (id, city, country, country_code) values (35, 'Santa Quitéria do Maranhão', 'Brazil', 'BR');
insert into locations (id, city, country, country_code) values (36, 'El Arañado', 'Argentina', 'AR');
insert into locations (id, city, country, country_code) values (37, 'Atibaia', 'Brazil', 'BR');
insert into locations (id, city, country, country_code) values (38, 'Biritiba Mirim', 'Brazil', 'BR');
insert into locations (id, city, country, country_code) values (39, 'Limboto', 'Indonesia', 'ID');
insert into locations (id, city, country, country_code) values (40, 'Simpangpasir', 'Indonesia', 'ID');
insert into locations (id, city, country, country_code) values (41, 'Mae Wang', 'Thailand', 'TH');
insert into locations (id, city, country, country_code) values (42, 'San Isidro', 'Mexico', 'MX');
insert into locations (id, city, country, country_code) values (43, 'Shīnḏanḏ', 'Afghanistan', 'AF');
insert into locations (id, city, country, country_code) values (44, 'Moholm', 'Sweden', 'SE');
insert into locations (id, city, country, country_code) values (45, 'Musawa', 'Nigeria', 'NG');
insert into locations (id, city, country, country_code) values (46, 'Varjota', 'Brazil', 'BR');
insert into locations (id, city, country, country_code) values (47, 'Wetzlar', 'Germany', 'DE');
insert into locations (id, city, country, country_code) values (48, 'Hengshan', 'China', 'CN');
insert into locations (id, city, country, country_code) values (49, 'Santa Clara La Laguna', 'Guatemala', 'GT');
insert into locations (id, city, country, country_code) values (50, 'Qufu', 'China', 'CN');
insert into locations (id, city, country, country_code) values (51, 'Labuan', 'Philippines', 'PH');
insert into locations (id, city, country, country_code) values (52, 'São Sebastião do Caí', 'Brazil', 'BR');
insert into locations (id, city, country, country_code) values (53, 'Infanta', 'Philippines', 'PH');
insert into locations (id, city, country, country_code) values (54, 'Símantra', 'Greece', 'GR');
insert into locations (id, city, country, country_code) values (55, 'Magaozhuang', 'China', 'CN');
insert into locations (id, city, country, country_code) values (56, 'Zhongxiang', 'China', 'CN');
insert into locations (id, city, country, country_code) values (57, 'Pābna', 'Bangladesh', 'BD');
insert into locations (id, city, country, country_code) values (58, 'Panyingkiran', 'Indonesia', 'ID');
insert into locations (id, city, country, country_code) values (59, 'Aguada de Pasajeros', 'Cuba', 'CU');
insert into locations (id, city, country, country_code) values (60, 'Viana do Castelo', 'Portugal', 'PT');
insert into locations (id, city, country, country_code) values (61, 'Sinmak', 'North Korea', 'KP');
insert into locations (id, city, country, country_code) values (62, 'Būsh', 'Egypt', 'EG');
insert into locations (id, city, country, country_code) values (63, 'Porangatu', 'Brazil', 'BR');
insert into locations (id, city, country, country_code) values (64, 'Krajan Battal', 'Indonesia', 'ID');
insert into locations (id, city, country, country_code) values (65, 'Nong Muang Khai', 'Thailand', 'TH');
insert into locations (id, city, country, country_code) values (66, 'Port Hawkesbury', 'Canada', 'CA');
insert into locations (id, city, country, country_code) values (67, 'Raffingora', 'Zimbabwe', 'ZW');
insert into locations (id, city, country, country_code) values (68, 'Ban Khlong Bang Sao Thong', 'Thailand', 'TH');
insert into locations (id, city, country, country_code) values (69, 'Al Mughayyir', 'Palestinian Territory', 'PS');
insert into locations (id, city, country, country_code) values (70, 'Santana', 'Portugal', 'PT');
insert into locations (id, city, country, country_code) values (71, 'Pateh Sam', 'Gambia', 'GM');
insert into locations (id, city, country, country_code) values (72, 'Baima', 'China', 'CN');
insert into locations (id, city, country, country_code) values (73, 'Řehlovice', 'Czech Republic', 'CZ');
insert into locations (id, city, country, country_code) values (74, 'Beruniy', 'Uzbekistan', 'UZ');
insert into locations (id, city, country, country_code) values (75, 'Babakanbandung', 'Indonesia', 'ID');
insert into locations (id, city, country, country_code) values (76, 'Baiyin', 'China', 'CN');
insert into locations (id, city, country, country_code) values (77, 'Tonosí', 'Panama', 'PA');
insert into locations (id, city, country, country_code) values (78, 'Wińsko', 'Poland', 'PL');
insert into locations (id, city, country, country_code) values (79, 'Shirokaya Rechka', 'Russia', 'RU');
insert into locations (id, city, country, country_code) values (80, 'Senahú', 'Guatemala', 'GT');
insert into locations (id, city, country, country_code) values (81, 'Xinli', 'China', 'CN');
insert into locations (id, city, country, country_code) values (82, 'Bakov nad Jizerou', 'Czech Republic', 'CZ');
insert into locations (id, city, country, country_code) values (83, 'Maca', 'Peru', 'PE');
insert into locations (id, city, country, country_code) values (84, 'Rosebank', 'South Africa', 'ZA');
insert into locations (id, city, country, country_code) values (85, 'Saint-Quentin-en-Yvelines', 'France', 'FR');
insert into locations (id, city, country, country_code) values (86, 'Hujia', 'China', 'CN');
insert into locations (id, city, country, country_code) values (87, 'Hebu', 'China', 'CN');
insert into locations (id, city, country, country_code) values (88, 'Strawczyn', 'Poland', 'PL');
insert into locations (id, city, country, country_code) values (89, 'Bobota', 'Croatia', 'HR');
insert into locations (id, city, country, country_code) values (90, 'Sukabatu', 'Indonesia', 'ID');
insert into locations (id, city, country, country_code) values (91, 'Weru', 'Indonesia', 'ID');
insert into locations (id, city, country, country_code) values (92, 'Al Khafjī', 'Saudi Arabia', 'SA');
insert into locations (id, city, country, country_code) values (93, 'Badong', 'Indonesia', 'ID');
insert into locations (id, city, country, country_code) values (94, 'Ōsaka-shi', 'Japan', 'JP');
insert into locations (id, city, country, country_code) values (95, 'Maranganí', 'Peru', 'PE');
insert into locations (id, city, country, country_code) values (96, 'Niebylec', 'Poland', 'PL');
insert into locations (id, city, country, country_code) values (97, 'Lubukgadang', 'Indonesia', 'ID');
insert into locations (id, city, country, country_code) values (98, 'Huangge', 'China', 'CN');
insert into locations (id, city, country, country_code) values (99, 'Tuburan', 'Philippines', 'PH');
insert into locations (id, city, country, country_code) values (100, 'Situsari', 'Indonesia', 'ID');
insert into locations (id, city, country, country_code) values (101, 'Nalchik', 'Russia', 'RU');
insert into locations (id, city, country, country_code) values (102, 'Al Jīzah', 'Jordan', 'JO');
insert into locations (id, city, country, country_code) values (103, 'Tungelsta', 'Sweden', 'SE');
insert into locations (id, city, country, country_code) values (104, 'Surcubamba', 'Peru', 'PE');
insert into locations (id, city, country, country_code) values (105, 'Jaguariaíva', 'Brazil', 'BR');
insert into locations (id, city, country, country_code) values (106, 'Ţūbās', 'Palestinian Territory', 'PS');
insert into locations (id, city, country, country_code) values (107, 'Libu', 'China', 'CN');
insert into locations (id, city, country, country_code) values (108, 'Pochayiv', 'Ukraine', 'UA');
insert into locations (id, city, country, country_code) values (109, 'Kanoya', 'Japan', 'JP');
insert into locations (id, city, country, country_code) values (110, 'Tarvasjoki', 'Finland', 'FI');
insert into locations (id, city, country, country_code) values (111, 'Skellefteå', 'Sweden', 'SE');
insert into locations (id, city, country, country_code) values (112, 'Nanjing', 'China', 'CN');
insert into locations (id, city, country, country_code) values (113, 'Casais Baleal', 'Portugal', 'PT');
insert into locations (id, city, country, country_code) values (114, 'Kyurdarmir', 'Azerbaijan', 'AZ');
insert into locations (id, city, country, country_code) values (115, 'Konibodom', 'Tajikistan', 'TJ');
insert into locations (id, city, country, country_code) values (116, 'Joutseno', 'Finland', 'FI');
insert into locations (id, city, country, country_code) values (117, 'Jardin', 'Mexico', 'MX');
insert into locations (id, city, country, country_code) values (118, 'Taounate', 'Morocco', 'MA');
insert into locations (id, city, country, country_code) values (119, 'Longaví', 'Chile', 'CL');
insert into locations (id, city, country, country_code) values (120, 'Souto', 'Portugal', 'PT');
insert into locations (id, city, country, country_code) values (121, 'Rudnya', 'Russia', 'RU');
insert into locations (id, city, country, country_code) values (122, 'Ippy', 'Central African Republic', 'CF');
insert into locations (id, city, country, country_code) values (123, 'Reguenga', 'Portugal', 'PT');
insert into locations (id, city, country, country_code) values (124, 'Columbia', 'United States', 'US');
insert into locations (id, city, country, country_code) values (125, 'Saint-Étienne', 'France', 'FR');
insert into locations (id, city, country, country_code) values (126, 'Sendai-shi', 'Japan', 'JP');
insert into locations (id, city, country, country_code) values (127, 'Sölvesborg', 'Sweden', 'SE');
insert into locations (id, city, country, country_code) values (128, 'San Cristóbal Cucho', 'Guatemala', 'GT');
insert into locations (id, city, country, country_code) values (129, 'Dinahican', 'Philippines', 'PH');
insert into locations (id, city, country, country_code) values (130, 'As Sawdā', 'Syria', 'SY');
insert into locations (id, city, country, country_code) values (131, 'Dřiteň', 'Czech Republic', 'CZ');
insert into locations (id, city, country, country_code) values (132, 'Sauri', 'Nigeria', 'NG');
insert into locations (id, city, country, country_code) values (133, 'Heshui', 'China', 'CN');
insert into locations (id, city, country, country_code) values (134, 'Souq Larba al Gharb', 'Morocco', 'MA');
insert into locations (id, city, country, country_code) values (135, 'Debark', 'Ethiopia', 'ET');
insert into locations (id, city, country, country_code) values (136, 'Málaga', 'Colombia', 'CO');
insert into locations (id, city, country, country_code) values (137, 'Jiefang', 'China', 'CN');
insert into locations (id, city, country, country_code) values (138, 'Paradyż', 'Poland', 'PL');
insert into locations (id, city, country, country_code) values (139, 'Xianan', 'China', 'CN');
insert into locations (id, city, country, country_code) values (140, 'Zhougang', 'China', 'CN');
insert into locations (id, city, country, country_code) values (141, 'Mombaça', 'Brazil', 'BR');
insert into locations (id, city, country, country_code) values (142, 'Hanjiashu', 'China', 'CN');
insert into locations (id, city, country, country_code) values (143, 'Fusagasuga', 'Colombia', 'CO');
insert into locations (id, city, country, country_code) values (144, 'Liwu', 'China', 'CN');
insert into locations (id, city, country, country_code) values (145, 'Sanxianling', 'China', 'CN');
insert into locations (id, city, country, country_code) values (146, 'Gharyan', 'Libya', 'LY');
insert into locations (id, city, country, country_code) values (147, 'Yuhuazhai', 'China', 'CN');
insert into locations (id, city, country, country_code) values (148, 'Sirte', 'Libya', 'LY');
insert into locations (id, city, country, country_code) values (149, 'Khāsh', 'Afghanistan', 'AF');
insert into locations (id, city, country, country_code) values (150, 'Kanekomachi', 'Japan', 'JP');
insert into locations (id, city, country, country_code) values (151, 'Arneiro', 'Portugal', 'PT');
insert into locations (id, city, country, country_code) values (152, 'Bicesse', 'Portugal', 'PT');
insert into locations (id, city, country, country_code) values (153, 'El Valle del Espíritu Santo', 'Venezuela', 'VE');
insert into locations (id, city, country, country_code) values (154, 'Petite Anse', 'Haiti', 'HT');
insert into locations (id, city, country, country_code) values (155, 'Malabonot', 'Philippines', 'PH');
insert into locations (id, city, country, country_code) values (156, 'Lincheng', 'China', 'CN');
insert into locations (id, city, country, country_code) values (157, 'Chum Phuang', 'Thailand', 'TH');
insert into locations (id, city, country, country_code) values (158, 'Lamalewar', 'Indonesia', 'ID');
insert into locations (id, city, country, country_code) values (159, 'Daming', 'China', 'CN');
insert into locations (id, city, country, country_code) values (160, 'Alīpur', 'Pakistan', 'PK');
insert into locations (id, city, country, country_code) values (161, 'Labo', 'Philippines', 'PH');
insert into locations (id, city, country, country_code) values (162, 'Pedra Azul', 'Brazil', 'BR');
insert into locations (id, city, country, country_code) values (163, 'Dianshui', 'China', 'CN');
insert into locations (id, city, country, country_code) values (164, 'Kradinan', 'Indonesia', 'ID');
insert into locations (id, city, country, country_code) values (165, 'Longgang', 'China', 'CN');
insert into locations (id, city, country, country_code) values (166, 'Mingguang', 'China', 'CN');
insert into locations (id, city, country, country_code) values (167, 'Malartic', 'Canada', 'CA');
insert into locations (id, city, country, country_code) values (168, 'Bhairab Bāzār', 'Bangladesh', 'BD');
insert into locations (id, city, country, country_code) values (169, 'Strängnäs', 'Sweden', 'SE');
insert into locations (id, city, country, country_code) values (170, 'Pumwani', 'Kenya', 'KE');
insert into locations (id, city, country, country_code) values (171, 'Piracicaba', 'Brazil', 'BR');
insert into locations (id, city, country, country_code) values (172, 'Nijemci', 'Croatia', 'HR');
insert into locations (id, city, country, country_code) values (173, 'Mirny', 'Russia', 'RU');
insert into locations (id, city, country, country_code) values (174, 'Oekefan', 'Indonesia', 'ID');
insert into locations (id, city, country, country_code) values (175, 'Kopstal', 'Luxembourg', 'LU');
insert into locations (id, city, country, country_code) values (176, 'Cimaung Kidul', 'Indonesia', 'ID');
insert into locations (id, city, country, country_code) values (177, 'Vilares', 'Portugal', 'PT');
insert into locations (id, city, country, country_code) values (178, 'Orekhovo-Zuyevo', 'Russia', 'RU');
insert into locations (id, city, country, country_code) values (179, 'Zhanping', 'China', 'CN');
insert into locations (id, city, country, country_code) values (180, 'Garisul', 'Indonesia', 'ID');
insert into locations (id, city, country, country_code) values (181, 'Quatá', 'Brazil', 'BR');
insert into locations (id, city, country, country_code) values (182, 'Tsyelyakhany', 'Belarus', 'BY');
insert into locations (id, city, country, country_code) values (183, 'Esquina', 'Argentina', 'AR');
insert into locations (id, city, country, country_code) values (184, 'Xinchenglu', 'China', 'CN');
insert into locations (id, city, country, country_code) values (185, 'Dniprovka', 'Ukraine', 'UA');
insert into locations (id, city, country, country_code) values (186, 'San Esteban', 'Honduras', 'HN');
insert into locations (id, city, country, country_code) values (187, 'Jiantang', 'China', 'CN');
insert into locations (id, city, country, country_code) values (188, 'Salawu', 'Indonesia', 'ID');
insert into locations (id, city, country, country_code) values (189, 'Kiuola', 'Indonesia', 'ID');
insert into locations (id, city, country, country_code) values (190, 'Rafaï', 'Central African Republic', 'CF');
insert into locations (id, city, country, country_code) values (191, 'Tak', 'Thailand', 'TH');
insert into locations (id, city, country, country_code) values (192, 'Entre Rios', 'Brazil', 'BR');
insert into locations (id, city, country, country_code) values (193, 'Linhares', 'Brazil', 'BR');
insert into locations (id, city, country, country_code) values (194, 'Shaoguan', 'China', 'CN');
insert into locations (id, city, country, country_code) values (195, 'Göteborg', 'Sweden', 'SE');
insert into locations (id, city, country, country_code) values (196, 'Sentul', 'Indonesia', 'ID');
insert into locations (id, city, country, country_code) values (197, 'Sharīfābād', 'Iran', 'IR');
insert into locations (id, city, country, country_code) values (198, 'Chaviña', 'Peru', 'PE');
insert into locations (id, city, country, country_code) values (199, 'Trollhättan', 'Sweden', 'SE');
insert into locations (id, city, country, country_code) values (200, 'Tiébo', 'Senegal', 'SN');


-- for switches 

insert into switches (id, alias, port_count, location_id) values (1, 'lchantillon0', 122, 80);
insert into switches (id, alias, port_count, location_id) values (2, 'afairbourne1', 48, 41);
insert into switches (id, alias, port_count, location_id) values (3, 'fkellert2', 95, 83);
insert into switches (id, alias, port_count, location_id) values (4, 'pgreenless3', 42, 140);
insert into switches (id, alias, port_count, location_id) values (5, 'kdowbakin4', 20, 6);
insert into switches (id, alias, port_count, location_id) values (6, 'bprickett5', 88, 8);
insert into switches (id, alias, port_count, location_id) values (7, 'lharnetty6', 23, 192);
insert into switches (id, alias, port_count, location_id) values (8, 'ajenckes7', 6, 6);
insert into switches (id, alias, port_count, location_id) values (9, 'ghoutby8', 81, 40);
insert into switches (id, alias, port_count, location_id) values (10, 'reverex9', 106, 52);
insert into switches (id, alias, port_count, location_id) values (11, 'cgallatlya', 107, 65);
insert into switches (id, alias, port_count, location_id) values (12, 'cpawsonb', 57, 115);
insert into switches (id, alias, port_count, location_id) values (13, 'corrisc', 73, 42);
insert into switches (id, alias, port_count, location_id) values (14, 'knowilld', 9, 95);
insert into switches (id, alias, port_count, location_id) values (15, 'dbrinsone', 89, 57);
insert into switches (id, alias, port_count, location_id) values (16, 'pellermanf', 37, 110);
insert into switches (id, alias, port_count, location_id) values (17, 'dnajafiang', 123, 2);
insert into switches (id, alias, port_count, location_id) values (18, 'abenzah', 46, 117);
insert into switches (id, alias, port_count, location_id) values (19, 'cnorthcotei', 50, 77);
insert into switches (id, alias, port_count, location_id) values (20, 'ctrenfieldj', 29, 36);
insert into switches (id, alias, port_count, location_id) values (21, 'rmarskellk', 53, 151);
insert into switches (id, alias, port_count, location_id) values (22, 'yduganl', 31, 155);
insert into switches (id, alias, port_count, location_id) values (23, 'dcasam', 9, 173);
insert into switches (id, alias, port_count, location_id) values (24, 'apailn', 48, 82);
insert into switches (id, alias, port_count, location_id) values (25, 'lmangeono', 62, 157);
insert into switches (id, alias, port_count, location_id) values (26, 'adoggrellp', 20, 110);
insert into switches (id, alias, port_count, location_id) values (27, 'jfallaweq', 19, 27);
insert into switches (id, alias, port_count, location_id) values (28, 'dvasquezr', 21, 120);
insert into switches (id, alias, port_count, location_id) values (29, 'cravenhillss', 19, 112);
insert into switches (id, alias, port_count, location_id) values (30, 'jharbront', 30, 139);
insert into switches (id, alias, port_count, location_id) values (31, 'lglasspoolu', 65, 97);
insert into switches (id, alias, port_count, location_id) values (32, 'zwalshev', 14, 195);
insert into switches (id, alias, port_count, location_id) values (33, 'fcostelloww', 5, 121);
insert into switches (id, alias, port_count, location_id) values (34, 'heyerx', 77, 121);
insert into switches (id, alias, port_count, location_id) values (35, 'naitkiny', 124, 120);
insert into switches (id, alias, port_count, location_id) values (36, 'wswiffanz', 120, 61);
insert into switches (id, alias, port_count, location_id) values (37, 'cpreon10', 62, 49);
insert into switches (id, alias, port_count, location_id) values (38, 'ldemonge11', 122, 186);
insert into switches (id, alias, port_count, location_id) values (39, 'hsawden12', 43, 29);
insert into switches (id, alias, port_count, location_id) values (40, 'daggis13', 128, 167);
insert into switches (id, alias, port_count, location_id) values (41, 'fdmitrovic14', 54, 92);
insert into switches (id, alias, port_count, location_id) values (42, 'cduker15', 94, 110);
insert into switches (id, alias, port_count, location_id) values (43, 'nfewster16', 103, 140);
insert into switches (id, alias, port_count, location_id) values (44, 'aartz17', 59, 138);
insert into switches (id, alias, port_count, location_id) values (45, 'bgoldthorpe18', 57, 49);
insert into switches (id, alias, port_count, location_id) values (46, 'mbroxap19', 110, 188);
insert into switches (id, alias, port_count, location_id) values (47, 'sshasnan1a', 26, 73);
insert into switches (id, alias, port_count, location_id) values (48, 'dhanster1b', 64, 100);
insert into switches (id, alias, port_count, location_id) values (49, 'ifishbie1c', 127, 127);
insert into switches (id, alias, port_count, location_id) values (50, 'adenton1d', 31, 136);
insert into switches (id, alias, port_count, location_id) values (51, 'dstclair1e', 24, 59);
insert into switches (id, alias, port_count, location_id) values (52, 'ccay1f', 43, 191);
insert into switches (id, alias, port_count, location_id) values (53, 'tsygroves1g', 24, 83);
insert into switches (id, alias, port_count, location_id) values (54, 'rmundie1h', 126, 27);
insert into switches (id, alias, port_count, location_id) values (55, 'roverlow1i', 122, 146);
insert into switches (id, alias, port_count, location_id) values (56, 'citscovitz1j', 64, 54);
insert into switches (id, alias, port_count, location_id) values (57, 'kteresse1k', 40, 110);
insert into switches (id, alias, port_count, location_id) values (58, 'nstandingford1l', 61, 95);
insert into switches (id, alias, port_count, location_id) values (59, 'dlichtfoth1m', 107, 100);
insert into switches (id, alias, port_count, location_id) values (60, 'rcraney1n', 72, 178);
insert into switches (id, alias, port_count, location_id) values (61, 'priby1o', 108, 135);
insert into switches (id, alias, port_count, location_id) values (62, 'cauty1p', 107, 49);
insert into switches (id, alias, port_count, location_id) values (63, 'dterry1q', 23, 44);
insert into switches (id, alias, port_count, location_id) values (64, 'dspeere1r', 88, 154);
insert into switches (id, alias, port_count, location_id) values (65, 'mcoakley1s', 41, 106);
insert into switches (id, alias, port_count, location_id) values (66, 'iifill1t', 93, 35);
insert into switches (id, alias, port_count, location_id) values (67, 'jfilshin1u', 6, 49);
insert into switches (id, alias, port_count, location_id) values (68, 'mplatts1v', 97, 114);
insert into switches (id, alias, port_count, location_id) values (69, 'achese1w', 16, 112);
insert into switches (id, alias, port_count, location_id) values (70, 'gdot1x', 38, 111);
insert into switches (id, alias, port_count, location_id) values (71, 'cstretton1y', 77, 1);
insert into switches (id, alias, port_count, location_id) values (72, 'acarrel1z', 11, 95);
insert into switches (id, alias, port_count, location_id) values (73, 'ejoynes20', 19, 155);
insert into switches (id, alias, port_count, location_id) values (74, 'ngoymer21', 99, 110);
insert into switches (id, alias, port_count, location_id) values (75, 'abeddoes22', 13, 137);
insert into switches (id, alias, port_count, location_id) values (76, 'plassell23', 69, 144);
insert into switches (id, alias, port_count, location_id) values (77, 'rwillavize24', 38, 16);
insert into switches (id, alias, port_count, location_id) values (78, 'rfancet25', 9, 62);
insert into switches (id, alias, port_count, location_id) values (79, 'afursey26', 17, 194);
insert into switches (id, alias, port_count, location_id) values (80, 'cgoggins27', 60, 148);
insert into switches (id, alias, port_count, location_id) values (81, 'gyurocjkin28', 84, 10);
insert into switches (id, alias, port_count, location_id) values (82, 'jcragell29', 89, 149);
insert into switches (id, alias, port_count, location_id) values (83, 'mtomaino2a', 39, 51);
insert into switches (id, alias, port_count, location_id) values (84, 'mvayne2b', 57, 200);
insert into switches (id, alias, port_count, location_id) values (85, 'odragonette2c', 34, 76);
insert into switches (id, alias, port_count, location_id) values (86, 'tpolino2d', 41, 175);
insert into switches (id, alias, port_count, location_id) values (87, 'jtarling2e', 38, 131);
insert into switches (id, alias, port_count, location_id) values (88, 'mocoskerry2f', 75, 93);
insert into switches (id, alias, port_count, location_id) values (89, 'hsutherley2g', 123, 188);
insert into switches (id, alias, port_count, location_id) values (90, 'phayller2h', 44, 79);
insert into switches (id, alias, port_count, location_id) values (91, 'ccrush2i', 97, 119);
insert into switches (id, alias, port_count, location_id) values (92, 'fgirtin2j', 79, 39);
insert into switches (id, alias, port_count, location_id) values (93, 'hwoolaston2k', 115, 179);
insert into switches (id, alias, port_count, location_id) values (94, 'mriggoll2l', 117, 68);
insert into switches (id, alias, port_count, location_id) values (95, 'kfermer2m', 96, 100);
insert into switches (id, alias, port_count, location_id) values (96, 'lfice2n', 28, 94);
insert into switches (id, alias, port_count, location_id) values (97, 'cparvin2o', 3, 23);
insert into switches (id, alias, port_count, location_id) values (98, 'opring2p', 100, 88);
insert into switches (id, alias, port_count, location_id) values (99, 'lbromell2q', 123, 52);
insert into switches (id, alias, port_count, location_id) values (100, 'lgoodspeed2r', 117, 50);
insert into switches (id, alias, port_count, location_id) values (101, 'bhannis2s', 16, 107);
insert into switches (id, alias, port_count, location_id) values (102, 'mpeatt2t', 8, 166);
insert into switches (id, alias, port_count, location_id) values (103, 'bbodycomb2u', 122, 132);
insert into switches (id, alias, port_count, location_id) values (104, 'ghofer2v', 67, 177);
insert into switches (id, alias, port_count, location_id) values (105, 'hvouls2w', 44, 117);
insert into switches (id, alias, port_count, location_id) values (106, 'ibilovus2x', 62, 126);
insert into switches (id, alias, port_count, location_id) values (107, 'ljacobsohn2y', 69, 90);
insert into switches (id, alias, port_count, location_id) values (108, 'naleksashin2z', 85, 70);
insert into switches (id, alias, port_count, location_id) values (109, 'twatman30', 89, 69);
insert into switches (id, alias, port_count, location_id) values (110, 'jbrusby31', 89, 16);
insert into switches (id, alias, port_count, location_id) values (111, 'bcaldairou32', 90, 149);
insert into switches (id, alias, port_count, location_id) values (112, 'wduiged33', 3, 108);
insert into switches (id, alias, port_count, location_id) values (113, 'treolfi34', 127, 95);
insert into switches (id, alias, port_count, location_id) values (114, 'amilburne35', 120, 69);
insert into switches (id, alias, port_count, location_id) values (115, 'rkitto36', 123, 7);
insert into switches (id, alias, port_count, location_id) values (116, 'pkruse37', 119, 28);
insert into switches (id, alias, port_count, location_id) values (117, 'cpitblado38', 61, 153);
insert into switches (id, alias, port_count, location_id) values (118, 'sdegiorgis39', 115, 35);
insert into switches (id, alias, port_count, location_id) values (119, 'wdrysdale3a', 52, 189);
insert into switches (id, alias, port_count, location_id) values (120, 'msalsberg3b', 58, 68);
insert into switches (id, alias, port_count, location_id) values (121, 'ahollows3c', 113, 60);
insert into switches (id, alias, port_count, location_id) values (122, 'bbentote3d', 88, 165);
insert into switches (id, alias, port_count, location_id) values (123, 'lcason3e', 103, 186);
insert into switches (id, alias, port_count, location_id) values (124, 'skrollmann3f', 18, 78);
insert into switches (id, alias, port_count, location_id) values (125, 'elinder3g', 13, 94);
insert into switches (id, alias, port_count, location_id) values (126, 'kescala3h', 87, 175);
insert into switches (id, alias, port_count, location_id) values (127, 'llownie3i', 21, 7);
insert into switches (id, alias, port_count, location_id) values (128, 'kcornillot3j', 12, 37);
insert into switches (id, alias, port_count, location_id) values (129, 'nbeardsley3k', 103, 130);
insert into switches (id, alias, port_count, location_id) values (130, 'tpordall3l', 116, 37);
insert into switches (id, alias, port_count, location_id) values (131, 'mranscome3m', 24, 127);
insert into switches (id, alias, port_count, location_id) values (132, 'jfulloway3n', 92, 153);
insert into switches (id, alias, port_count, location_id) values (133, 'bfoulser3o', 12, 148);
insert into switches (id, alias, port_count, location_id) values (134, 'lmildenhall3p', 71, 121);
insert into switches (id, alias, port_count, location_id) values (135, 'mmollin3q', 89, 118);
insert into switches (id, alias, port_count, location_id) values (136, 'fdecourcy3r', 3, 116);
insert into switches (id, alias, port_count, location_id) values (137, 'jloachhead3s', 127, 54);
insert into switches (id, alias, port_count, location_id) values (138, 'acowdry3t', 54, 48);
insert into switches (id, alias, port_count, location_id) values (139, 'hambrogioli3u', 120, 124);
insert into switches (id, alias, port_count, location_id) values (140, 'bblitzer3v', 77, 68);
insert into switches (id, alias, port_count, location_id) values (141, 'sponceford3w', 15, 183);
insert into switches (id, alias, port_count, location_id) values (142, 'nonn3x', 84, 56);
insert into switches (id, alias, port_count, location_id) values (143, 'csiebart3y', 90, 177);
insert into switches (id, alias, port_count, location_id) values (144, 'awinney3z', 71, 6);
insert into switches (id, alias, port_count, location_id) values (145, 'meliff40', 88, 116);
insert into switches (id, alias, port_count, location_id) values (146, 'emcclure41', 11, 42);
insert into switches (id, alias, port_count, location_id) values (147, 'mmaddra42', 69, 41);
insert into switches (id, alias, port_count, location_id) values (148, 'jmemmory43', 25, 128);
insert into switches (id, alias, port_count, location_id) values (149, 'cballinger44', 22, 26);
insert into switches (id, alias, port_count, location_id) values (150, 'tduncklee45', 44, 114);
insert into switches (id, alias, port_count, location_id) values (151, 'mdavidovitz46', 54, 142);
insert into switches (id, alias, port_count, location_id) values (152, 'lsomers47', 20, 26);
insert into switches (id, alias, port_count, location_id) values (153, 'tchristley48', 102, 34);
insert into switches (id, alias, port_count, location_id) values (154, 'vmartynov49', 12, 185);
insert into switches (id, alias, port_count, location_id) values (155, 'agwillim4a', 36, 38);
insert into switches (id, alias, port_count, location_id) values (156, 'aharwin4b', 5, 191);
insert into switches (id, alias, port_count, location_id) values (157, 'dsmitheram4c', 78, 53);
insert into switches (id, alias, port_count, location_id) values (158, 'ibranston4d', 47, 126);
insert into switches (id, alias, port_count, location_id) values (159, 'jstille4e', 29, 171);
insert into switches (id, alias, port_count, location_id) values (160, 'vcollihole4f', 104, 77);
insert into switches (id, alias, port_count, location_id) values (161, 'tmeins4g', 81, 15);
insert into switches (id, alias, port_count, location_id) values (162, 'mkinvan4h', 71, 142);
insert into switches (id, alias, port_count, location_id) values (163, 'tgittens4i', 6, 47);
insert into switches (id, alias, port_count, location_id) values (164, 'dgheeorghie4j', 66, 62);
insert into switches (id, alias, port_count, location_id) values (165, 'smcginty4k', 77, 120);
insert into switches (id, alias, port_count, location_id) values (166, 'tyoxen4l', 2, 185);
insert into switches (id, alias, port_count, location_id) values (167, 'abootherstone4m', 92, 174);
insert into switches (id, alias, port_count, location_id) values (168, 'vrodenhurst4n', 87, 189);
insert into switches (id, alias, port_count, location_id) values (169, 'srennick4o', 113, 6);
insert into switches (id, alias, port_count, location_id) values (170, 'eahren4p', 32, 148);
insert into switches (id, alias, port_count, location_id) values (171, 'bcolclough4q', 76, 170);
insert into switches (id, alias, port_count, location_id) values (172, 'bfrogley4r', 104, 175);
insert into switches (id, alias, port_count, location_id) values (173, 'cvautin4s', 111, 104);
insert into switches (id, alias, port_count, location_id) values (174, 'dbumfrey4t', 60, 96);
insert into switches (id, alias, port_count, location_id) values (175, 'tousley4u', 7, 145);
insert into switches (id, alias, port_count, location_id) values (176, 'dbramich4v', 43, 22);
insert into switches (id, alias, port_count, location_id) values (177, 'hbene4w', 54, 20);
insert into switches (id, alias, port_count, location_id) values (178, 'kouldcott4x', 35, 141);
insert into switches (id, alias, port_count, location_id) values (179, 'lingman4y', 14, 55);
insert into switches (id, alias, port_count, location_id) values (180, 'ntollerton4z', 68, 153);
insert into switches (id, alias, port_count, location_id) values (181, 'mcamellini50', 93, 191);
insert into switches (id, alias, port_count, location_id) values (182, 'mguilloux51', 64, 196);
insert into switches (id, alias, port_count, location_id) values (183, 'dable52', 7, 95);
insert into switches (id, alias, port_count, location_id) values (184, 'adubbin53', 27, 10);
insert into switches (id, alias, port_count, location_id) values (185, 'rconibere54', 123, 98);
insert into switches (id, alias, port_count, location_id) values (186, 'rgori55', 31, 171);
insert into switches (id, alias, port_count, location_id) values (187, 'vkillford56', 32, 44);
insert into switches (id, alias, port_count, location_id) values (188, 'tburnup57', 118, 75);
insert into switches (id, alias, port_count, location_id) values (189, 'egrunwall58', 39, 68);
insert into switches (id, alias, port_count, location_id) values (190, 'hvigietti59', 105, 28);
insert into switches (id, alias, port_count, location_id) values (191, 'jnewrick5a', 69, 102);
insert into switches (id, alias, port_count, location_id) values (192, 'ggranham5b', 90, 2);
insert into switches (id, alias, port_count, location_id) values (193, 'wgerb5c', 3, 57);
insert into switches (id, alias, port_count, location_id) values (194, 'drennebeck5d', 105, 23);
insert into switches (id, alias, port_count, location_id) values (195, 'pgrishin5e', 8, 56);
insert into switches (id, alias, port_count, location_id) values (196, 'rhavercroft5f', 35, 138);
insert into switches (id, alias, port_count, location_id) values (197, 'wnieass5g', 12, 18);
insert into switches (id, alias, port_count, location_id) values (198, 'nbasham5h', 67, 177);
insert into switches (id, alias, port_count, location_id) values (199, 'akardosstowe5i', 101, 26);
insert into switches (id, alias, port_count, location_id) values (200, 'jolohan5j', 56, 63);

-- for ports 
insert into ports (id, interface_name, port, vlan_id, ipv6, switch_id) values (1, 'tstudders0', 43, 243, '54cc:f6f3:d2dd:a67d:5edf:e709:a271:9d39/4', 125);
insert into ports (id, interface_name, port, vlan_id, ipv6, switch_id) values (2, 'sbossingham1', 25, 3416, '5cfb:8683:700a:fd03:d52e:fdc2:a8cc:fee8/35', 198);
insert into ports (id, interface_name, port, vlan_id, ipv6, switch_id) values (3, 'edasent2', 3, 3990, '8a69:4e19:295c:fe56:50dd:fa37:6c42:ca93/66', 112);
insert into ports (id, interface_name, port, vlan_id, ipv6, switch_id) values (4, 'kkolyagin3', 102, 2649, 'a8a7:26f0:b564:cd61:9b1d:d193:bc19:36dd/3', 189);
insert into ports (id, interface_name, port, vlan_id, ipv6, switch_id) values (5, 'esimonnet4', 76, 1429, '1049:2e72:cb99:d15e:6280:83d5:247:1068/103', 54);
insert into ports (id, interface_name, port, vlan_id, ipv6, switch_id) values (6, 'bbazelle5', 51, 3965, '9b97:98ca:1302:5dff:229a:f6ce:d055:eb6c/95', 66);
insert into ports (id, interface_name, port, vlan_id, ipv6, switch_id) values (7, 'kchristy6', 107, 1389, '7b21:e89d:9f1:9849:a70f:1076:5948:f125/8', 55);
insert into ports (id, interface_name, port, vlan_id, ipv6, switch_id) values (8, 'nkenworth7', 111, 2876, 'f715:2685:73ab:70dd:873b:8beb:fff7:d821/103', 166);
insert into ports (id, interface_name, port, vlan_id, ipv6, switch_id) values (9, 'htrevance8', 41, 2183, 'c3c4:9328:85e5:32c3:32b0:e59:f06:a36e/124', 178);
insert into ports (id, interface_name, port, vlan_id, ipv6, switch_id) values (10, 'rgarroway9', 36, 888, '44a:ae81:73d9:adc6:2ce7:4202:cf1e:8783/105', 97);
insert into ports (id, interface_name, port, vlan_id, ipv6, switch_id) values (11, 'bashbolta', 23, 2638, 'e64a:3913:b89:a2cd:c2ed:87d9:9572:eae2/9', 28);
insert into ports (id, interface_name, port, vlan_id, ipv6, switch_id) values (12, 'bupshallb', 99, 2552, '5429:2575:4af3:d904:eef8:3aca:e8e3:82fd/69', 179);
insert into ports (id, interface_name, port, vlan_id, ipv6, switch_id) values (13, 'omatthewsc', 41, 3262, '4149:ae1e:754d:9742:681b:ad50:59c:2cb3/106', 8);
insert into ports (id, interface_name, port, vlan_id, ipv6, switch_id) values (14, 'tgrayshand', 32, 2076, 'dee9:dbdf:4b9c:d905:ebf:be72:c79a:2384/51', 17);
insert into ports (id, interface_name, port, vlan_id, ipv6, switch_id) values (15, 'efacere', 28, 1811, 'f2fd:a76a:99ae:cbb:df0d:85c0:9038:be/90', 32);
insert into ports (id, interface_name, port, vlan_id, ipv6, switch_id) values (16, 'vcotef', 61, 3109, '1199:8620:2296:c4d7:abc8:e235:4e84:d145/38', 7);
insert into ports (id, interface_name, port, vlan_id, ipv6, switch_id) values (17, 'awimlettg', 73, 3625, '6f9a:d285:69c6:22c0:a080:95dc:33ba:18b0/96', 163);
insert into ports (id, interface_name, port, vlan_id, ipv6, switch_id) values (18, 'lvogelerh', 113, 2032, '4f0a:b490:b8aa:ac0f:b0f:3969:696:957e/8', 142);
insert into ports (id, interface_name, port, vlan_id, ipv6, switch_id) values (19, 'lmcjuryi', 89, 3354, '6d8c:ba1e:c393:4dff:1c4e:4f3d:6020:8b1c/92', 143);
insert into ports (id, interface_name, port, vlan_id, ipv6, switch_id) values (20, 'ecallinanj', 89, 3025, 'e434:2e2a:9b54:8fdb:c34d:abfc:e94d:2a03/125', 21);
insert into ports (id, interface_name, port, vlan_id, ipv6, switch_id) values (21, 'trommek', 90, 1881, 'e009:ed0e:bf3b:35b6:8107:c271:95a1:b171/31', 176);
insert into ports (id, interface_name, port, vlan_id, ipv6, switch_id) values (22, 'rtidyl', 24, 2845, 'b888:b5c:86a3:594c:ec47:d1de:5e9e:cf29/30', 99);
insert into ports (id, interface_name, port, vlan_id, ipv6, switch_id) values (23, 'bgabbitusm', 78, 744, '4dc6:4ed4:ad54:cbbd:46bb:85ec:7c1b:a42e/82', 57);
insert into ports (id, interface_name, port, vlan_id, ipv6, switch_id) values (24, 'chulkn', 46, 3056, '75a9:98b0:79c2:4059:b2b6:f2b6:d385:d8dc/40', 70);
insert into ports (id, interface_name, port, vlan_id, ipv6, switch_id) values (25, 'nwillertono', 125, 561, '1064:bc01:57ac:2131:aae3:2729:f454:bb3/21', 14);
insert into ports (id, interface_name, port, vlan_id, ipv6, switch_id) values (26, 'santukp', 73, 1300, '4919:bf35:f8d7:1545:36f4:fb35:cee3:5d6c/63', 192);
insert into ports (id, interface_name, port, vlan_id, ipv6, switch_id) values (27, 'bgeorgelinq', 33, 1093, '5ee9:d6c3:d0b5:41ab:c80c:9c4:7948:16f0/8', 110);
insert into ports (id, interface_name, port, vlan_id, ipv6, switch_id) values (28, 'hbondleyr', 34, 1249, '1d02:a0fd:8a79:16b7:51af:f496:977e:c590/88', 196);
insert into ports (id, interface_name, port, vlan_id, ipv6, switch_id) values (29, 'sshorys', 108, 1416, 'c921:5c74:8e7b:a848:dfaf:ad11:8093:1e6e/30', 73);
insert into ports (id, interface_name, port, vlan_id, ipv6, switch_id) values (30, 'tdrinkhillt', 49, 2834, 'c502:c044:cc73:7503:48b5:8f13:469c:a941/26', 54);
insert into ports (id, interface_name, port, vlan_id, ipv6, switch_id) values (31, 'nrawlinu', 87, 2315, '2b70:39f9:8fa4:c30d:d50b:1f41:84a6:f15/38', 164);
insert into ports (id, interface_name, port, vlan_id, ipv6, switch_id) values (32, 'mgoodmanv', 75, 1793, '59c8:911b:62e7:1874:e9f5:a047:6363:aa92/85', 153);
insert into ports (id, interface_name, port, vlan_id, ipv6, switch_id) values (33, 'cgorcew', 124, 1120, 'c13f:3ab3:a8d0:b8bb:e013:8420:a8c3:816b/100', 28);
insert into ports (id, interface_name, port, vlan_id, ipv6, switch_id) values (34, 'khandsx', 5, 618, '9885:27c6:6d73:4c3f:b27:3866:8c06:483c/114', 124);
insert into ports (id, interface_name, port, vlan_id, ipv6, switch_id) values (35, 'tlukianovichy', 51, 53, '3ffb:8ff7:4c14:1bef:e787:4d06:ecb5:7842/25', 198);
insert into ports (id, interface_name, port, vlan_id, ipv6, switch_id) values (36, 'edogertyz', 88, 3516, '6fa1:a528:25b4:a88d:303b:5247:d45f:cccc/35', 54);
insert into ports (id, interface_name, port, vlan_id, ipv6, switch_id) values (37, 'bashman10', 97, 3658, 'a227:716a:299:6d1b:cfef:434a:5b22:b3ab/99', 5);
insert into ports (id, interface_name, port, vlan_id, ipv6, switch_id) values (38, 'ghabens11', 54, 1118, 'ab67:bbcf:6e29:a86e:1dc9:9ce0:b5da:71ab/10', 32);
insert into ports (id, interface_name, port, vlan_id, ipv6, switch_id) values (39, 'vdavidof12', 14, 3472, '7467:99e0:7f5b:8dc9:bb6b:928b:19b8:8ee2/24', 9);
insert into ports (id, interface_name, port, vlan_id, ipv6, switch_id) values (40, 'brookledge13', 22, 3037, 'a21a:7d6c:3279:5bf1:6d57:b262:c1b1:942f/65', 11);
insert into ports (id, interface_name, port, vlan_id, ipv6, switch_id) values (41, 'cpallaske14', 38, 242, '9dd8:ba3c:f2e3:7b2b:4752:9322:a1f:b43b/15', 114);
insert into ports (id, interface_name, port, vlan_id, ipv6, switch_id) values (42, 'iendean15', 61, 1092, '9fdb:9cd9:94a6:1d34:2a17:b14e:a476:e3a6/73', 46);
insert into ports (id, interface_name, port, vlan_id, ipv6, switch_id) values (43, 'cmaccaig16', 78, 2922, '96d:4e0e:f281:8342:c2b0:ad60:9e37:dad6/109', 111);
insert into ports (id, interface_name, port, vlan_id, ipv6, switch_id) values (44, 'sennals17', 27, 1409, 'cab8:c314:c3bd:95bf:372a:5558:923f:e7ec/121', 4);
insert into ports (id, interface_name, port, vlan_id, ipv6, switch_id) values (45, 'malywen18', 33, 3892, '8e9d:b296:3ff0:1af4:241b:e0cb:900f:909b/27', 176);
insert into ports (id, interface_name, port, vlan_id, ipv6, switch_id) values (46, 'stilmouth19', 52, 2058, '1707:57a1:3655:acd4:c0d7:a10b:32c3:7e2d/89', 93);
insert into ports (id, interface_name, port, vlan_id, ipv6, switch_id) values (47, 'hcrease1a', 123, 2444, 'fa2e:b0d7:44f2:1fd6:cbfe:bb4e:98a0:1174/49', 199);
insert into ports (id, interface_name, port, vlan_id, ipv6, switch_id) values (48, 'bspeare1b', 103, 2048, 'acfe:a2e:3ec7:a461:72c4:9154:9263:67e5/78', 172);
insert into ports (id, interface_name, port, vlan_id, ipv6, switch_id) values (49, 'haglione1c', 84, 3505, '173f:7ab3:1d17:904e:efed:b1f9:4071:b81b/3', 151);
insert into ports (id, interface_name, port, vlan_id, ipv6, switch_id) values (50, 'shellyar1d', 62, 3028, 'e25c:1372:de28:4864:d386:32c:a5f7:38fc/122', 41);
insert into ports (id, interface_name, port, vlan_id, ipv6, switch_id) values (51, 'mcowley1e', 118, 2773, 'e31f:5f1e:ba9f:9752:321c:e993:6a7c:46a3/12', 48);
insert into ports (id, interface_name, port, vlan_id, ipv6, switch_id) values (52, 'cmcmonies1f', 4, 872, 'ad1e:1b69:1ba7:385d:86ad:71db:9e8d:7bc3/122', 167);
insert into ports (id, interface_name, port, vlan_id, ipv6, switch_id) values (53, 'kewenson1g', 29, 1950, 'dcb:39b7:c2ee:ae08:928a:b6c8:bd08:f24/68', 10);
insert into ports (id, interface_name, port, vlan_id, ipv6, switch_id) values (54, 'amckeon1h', 32, 2592, '2716:484c:5fd2:b662:2c8b:882b:32fc:3bac/49', 158);
insert into ports (id, interface_name, port, vlan_id, ipv6, switch_id) values (55, 'sstollard1i', 32, 3197, '446e:f249:fd5e:31c0:f4bc:b2b5:a5ea:9914/52', 155);
insert into ports (id, interface_name, port, vlan_id, ipv6, switch_id) values (56, 'rjeannon1j', 80, 3138, '53d7:4c14:8442:75ac:14fc:8a3d:f6dd:8191/96', 189);
insert into ports (id, interface_name, port, vlan_id, ipv6, switch_id) values (57, 'gborit1k', 95, 1325, '84bf:35ca:e56a:70bb:8467:a725:6121:8ab6/21', 127);
insert into ports (id, interface_name, port, vlan_id, ipv6, switch_id) values (58, 'gfounds1l', 21, 787, 'f80:1db1:c706:6fbd:bcb9:97b8:af99:b0e1/42', 155);
insert into ports (id, interface_name, port, vlan_id, ipv6, switch_id) values (59, 'kdiver1m', 28, 1163, 'e5e4:e6ad:3e6:1b90:4f4c:6c85:432b:85c3/9', 126);
insert into ports (id, interface_name, port, vlan_id, ipv6, switch_id) values (60, 'cmcfeat1n', 63, 3252, 'a5c2:ed42:7122:f225:644:b4b0:7ef8:772b/44', 92);
insert into ports (id, interface_name, port, vlan_id, ipv6, switch_id) values (61, 'iszymanzyk1o', 26, 1753, '5bdc:7fea:780:ecc1:e7d3:ca85:9b12:4515/3', 122);
insert into ports (id, interface_name, port, vlan_id, ipv6, switch_id) values (62, 'afarndon1p', 73, 1764, '8c5:4e34:24e4:2c21:f0d:d0d6:dc2b:51b3/64', 137);
insert into ports (id, interface_name, port, vlan_id, ipv6, switch_id) values (63, 'narguile1q', 73, 2782, 'dbcf:3c55:6cfe:3fc2:2470:656a:9938:aaea/114', 124);
insert into ports (id, interface_name, port, vlan_id, ipv6, switch_id) values (64, 'bgammell1r', 17, 1839, 'ffa2:69a3:d1bd:f576:d1be:5f71:5cc4:c0f6/16', 123);
insert into ports (id, interface_name, port, vlan_id, ipv6, switch_id) values (65, 'khavile1s', 64, 844, '4265:82e:220:4f0b:c29c:dc21:da2b:f45a/30', 112);
insert into ports (id, interface_name, port, vlan_id, ipv6, switch_id) values (66, 'rvery1t', 5, 3840, '91e8:c823:2525:8d37:e144:8b83:4c4c:1606/49', 82);
insert into ports (id, interface_name, port, vlan_id, ipv6, switch_id) values (67, 'tflorez1u', 68, 44, 'e979:b8c8:939d:1e7c:f277:d3b7:4477:c845/73', 4);
insert into ports (id, interface_name, port, vlan_id, ipv6, switch_id) values (68, 'djent1v', 94, 2619, '5702:eecd:49ec:44cb:3ded:da86:dcd3:7c63/28', 155);
insert into ports (id, interface_name, port, vlan_id, ipv6, switch_id) values (69, 'afordy1w', 23, 530, 'dbbe:c84e:8003:e4bc:cbd2:bd99:a080:818a/41', 127);
insert into ports (id, interface_name, port, vlan_id, ipv6, switch_id) values (70, 'hsolland1x', 29, 377, '7ca8:1834:ea5a:b006:f4a0:e109:118e:d5d9/76', 200);
insert into ports (id, interface_name, port, vlan_id, ipv6, switch_id) values (71, 'dvoase1y', 126, 3639, 'b06d:a574:c726:3473:5229:2797:1e5d:ffa6/89', 67);
insert into ports (id, interface_name, port, vlan_id, ipv6, switch_id) values (72, 'rbedingfield1z', 69, 797, '83c7:c47:b1bf:e9d0:a414:c2d0:2f66:3e2d/12', 97);
insert into ports (id, interface_name, port, vlan_id, ipv6, switch_id) values (73, 'wgoldster20', 41, 2213, 'fc19:4f2a:bab:d984:85c1:b648:a4f5:a675/41', 163);
insert into ports (id, interface_name, port, vlan_id, ipv6, switch_id) values (74, 'gikins21', 18, 118, '5ea8:1173:24bd:da24:1a93:c100:1f24:358a/50', 89);
insert into ports (id, interface_name, port, vlan_id, ipv6, switch_id) values (75, 'fellph22', 39, 2800, '713a:6abc:b596:4a94:8294:abed:e0ee:c8bc/89', 187);
insert into ports (id, interface_name, port, vlan_id, ipv6, switch_id) values (76, 'acansfield23', 47, 1722, 'cfc8:4a3:6a84:5e6a:e3a6:b8ed:7a86:2b16/118', 35);
insert into ports (id, interface_name, port, vlan_id, ipv6, switch_id) values (77, 'jstolberger24', 6, 1144, 'd96e:2602:745c:6f9f:30dd:6058:9572:d09d/54', 128);
insert into ports (id, interface_name, port, vlan_id, ipv6, switch_id) values (78, 'oforrestall25', 81, 680, '30a6:10cd:6879:6456:9fa9:accc:8970:6f32/125', 121);
insert into ports (id, interface_name, port, vlan_id, ipv6, switch_id) values (79, 'bpatrono26', 103, 2232, '195f:6dbb:a4fe:e482:4cd2:1d76:d41f:a825/105', 140);
insert into ports (id, interface_name, port, vlan_id, ipv6, switch_id) values (80, 'fvinsen27', 26, 3468, '8a9f:9a32:dc59:4ffb:1cf5:ba33:14d9:9435/38', 136);
insert into ports (id, interface_name, port, vlan_id, ipv6, switch_id) values (81, 'lfieldgate28', 105, 3724, '9920:f5ab:a945:b935:5293:3fb5:1493:3e71/60', 84);
insert into ports (id, interface_name, port, vlan_id, ipv6, switch_id) values (82, 'djahncke29', 62, 1923, '69b3:2cf8:50d8:29cb:fd34:b591:59f5:16f6/17', 81);
insert into ports (id, interface_name, port, vlan_id, ipv6, switch_id) values (83, 'ranstead2a', 58, 468, 'd238:cf0d:1446:f03:ebe5:e8b2:5e0d:223/120', 21);
insert into ports (id, interface_name, port, vlan_id, ipv6, switch_id) values (84, 'jvannuccini2b', 84, 3646, '95bc:51e5:129:8069:86d0:1766:ad57:e53d/77', 75);
insert into ports (id, interface_name, port, vlan_id, ipv6, switch_id) values (85, 'agolley2c', 113, 2300, '3821:b8f3:4566:401a:ceb5:40d5:854a:ba3a/79', 92);
insert into ports (id, interface_name, port, vlan_id, ipv6, switch_id) values (86, 'crostern2d', 106, 110, '14d7:76e5:7caa:211c:1266:1be:3ee5:6079/95', 106);
insert into ports (id, interface_name, port, vlan_id, ipv6, switch_id) values (87, 'rjevons2e', 110, 4041, '49f4:5305:a4f8:8638:1747:e8d6:42b7:2367/77', 149);
insert into ports (id, interface_name, port, vlan_id, ipv6, switch_id) values (88, 'fomullaney2f', 83, 1771, 'ead4:c2c7:f7b0:f7d8:37f7:1af6:eba7:6d7d/19', 40);
insert into ports (id, interface_name, port, vlan_id, ipv6, switch_id) values (89, 'etamlett2g', 113, 3554, '8063:49b2:d88b:f4e6:bebd:8952:ba49:7d24/34', 128);
insert into ports (id, interface_name, port, vlan_id, ipv6, switch_id) values (90, 'fhazlegrove2h', 50, 785, '5a47:9ae3:22be:5a9c:5548:5938:1800:58cc/31', 193);
insert into ports (id, interface_name, port, vlan_id, ipv6, switch_id) values (91, 'ploxley2i', 72, 2275, '1276:c04e:8d70:c69d:6d3d:8f5b:213e:a052/86', 19);
insert into ports (id, interface_name, port, vlan_id, ipv6, switch_id) values (92, 'khigbin2j', 22, 816, 'eb38:621f:25e6:fcc4:d5b1:886a:fc09:cf68/71', 63);
insert into ports (id, interface_name, port, vlan_id, ipv6, switch_id) values (93, 'cjendrassik2k', 39, 958, '5723:e1d0:609d:6a11:f8bb:b039:5b86:4d76/54', 10);
insert into ports (id, interface_name, port, vlan_id, ipv6, switch_id) values (94, 'ewinward2l', 64, 2858, 'd7df:92a1:7eeb:d38f:a342:de5:5104:2abc/10', 108);
insert into ports (id, interface_name, port, vlan_id, ipv6, switch_id) values (95, 'spiaggia2m', 56, 1397, '6154:b3df:5777:f82:c01a:6405:9aa8:549d/71', 198);
insert into ports (id, interface_name, port, vlan_id, ipv6, switch_id) values (96, 'scullagh2n', 54, 3703, 'fd28:6472:9b1f:22cd:7f1b:3242:f1f2:e18f/73', 199);
insert into ports (id, interface_name, port, vlan_id, ipv6, switch_id) values (97, 'tsheehy2o', 21, 1862, '9ffa:abda:bedb:d333:bac3:d78a:b2d:3310/108', 96);
insert into ports (id, interface_name, port, vlan_id, ipv6, switch_id) values (98, 'csquirrel2p', 43, 2021, '1456:3882:7434:51c4:fb65:ba60:7c8f:c596/3', 101);
insert into ports (id, interface_name, port, vlan_id, ipv6, switch_id) values (99, 'brochford2q', 100, 1442, 'a8a0:4611:6c05:1de6:99fd:bb33:5458:1afd/47', 134);
insert into ports (id, interface_name, port, vlan_id, ipv6, switch_id) values (100, 'cmosen2r', 73, 1361, '8dc2:d3:b0fd:5f41:e4be:f354:1547:f5a2/34', 186);
insert into ports (id, interface_name, port, vlan_id, ipv6, switch_id) values (101, 'rhagerty2s', 104, 1935, '5556:5e08:2740:e72f:f717:247f:fa90:d125/8', 185);
insert into ports (id, interface_name, port, vlan_id, ipv6, switch_id) values (102, 'hgoch2t', 81, 433, 'b6f4:93f5:23b1:17e5:9409:e18f:5cb8:3dec/38', 168);
insert into ports (id, interface_name, port, vlan_id, ipv6, switch_id) values (103, 'lpinckney2u', 93, 20, '3e81:3a99:21b9:4e4e:3dd9:e65b:7844:971b/84', 30);
insert into ports (id, interface_name, port, vlan_id, ipv6, switch_id) values (104, 'egiovani2v', 58, 1713, 'ab3:4867:d465:2981:4236:41fa:3b01:b9a4/118', 87);
insert into ports (id, interface_name, port, vlan_id, ipv6, switch_id) values (105, 'tcluckie2w', 17, 2590, '527b:2f32:3521:41a9:5c44:b6f1:fe06:9460/81', 2);
insert into ports (id, interface_name, port, vlan_id, ipv6, switch_id) values (106, 'cbanks2x', 27, 1967, '5cb6:7135:17bc:156b:c09f:e615:6c9b:d1b8/61', 112);
insert into ports (id, interface_name, port, vlan_id, ipv6, switch_id) values (107, 'dcastellet2y', 115, 1440, '5773:4a38:1666:f4a9:e1ca:a612:3596:3ff1/81', 65);
insert into ports (id, interface_name, port, vlan_id, ipv6, switch_id) values (108, 'mtattersill2z', 34, 1717, '93b3:b7f:df4f:d5aa:70c4:c315:5d24:68fc/54', 117);
insert into ports (id, interface_name, port, vlan_id, ipv6, switch_id) values (109, 'jcawker30', 16, 1245, 'cf5f:46fa:d293:b743:3a6d:b607:7ef:8716/58', 139);
insert into ports (id, interface_name, port, vlan_id, ipv6, switch_id) values (110, 'vschurig31', 83, 1790, '363b:1850:abc1:ca96:ce4a:a56:c7f9:3bb0/112', 157);
insert into ports (id, interface_name, port, vlan_id, ipv6, switch_id) values (111, 'oburchett32', 65, 2717, 'f0d:19b9:af06:7e30:134e:f56a:d6b5:5799/59', 20);
insert into ports (id, interface_name, port, vlan_id, ipv6, switch_id) values (112, 'mskyppe33', 46, 2771, '3706:eeb:eb71:327b:49d8:9331:6b8f:a614/17', 131);
insert into ports (id, interface_name, port, vlan_id, ipv6, switch_id) values (113, 'hwartonby34', 110, 3187, 'fe09:c0bd:66a6:b505:564c:f90:6324:3de0/34', 43);
insert into ports (id, interface_name, port, vlan_id, ipv6, switch_id) values (114, 'ahanselmann35', 35, 2892, '74a6:f9af:8981:d502:7744:8f88:eb0e:211b/125', 75);
insert into ports (id, interface_name, port, vlan_id, ipv6, switch_id) values (115, 'csymonds36', 89, 476, 'fb83:152c:8a1f:9502:f3c8:5a1:ea8f:40f6/15', 100);
insert into ports (id, interface_name, port, vlan_id, ipv6, switch_id) values (116, 'wkinnie37', 82, 197, '9cf5:6378:dbe6:f2f5:6aea:96f:b0df:5a7f/98', 136);
insert into ports (id, interface_name, port, vlan_id, ipv6, switch_id) values (117, 'cellam38', 71, 1254, 'cb77:244e:f84b:f005:5d52:4199:eafd:519e/107', 67);
insert into ports (id, interface_name, port, vlan_id, ipv6, switch_id) values (118, 'amurdy39', 2, 3874, 'cdef:9bee:dc87:2c93:6439:d3e2:2ad9:c673/13', 116);
insert into ports (id, interface_name, port, vlan_id, ipv6, switch_id) values (119, 'jdoel3a', 82, 1297, '40a6:78a5:d494:13c3:8781:2e4c:9a08:e881/59', 117);
insert into ports (id, interface_name, port, vlan_id, ipv6, switch_id) values (120, 'rhourston3b', 14, 392, '719a:332c:1f6e:8e33:44b3:803d:dc78:5434/41', 119);
insert into ports (id, interface_name, port, vlan_id, ipv6, switch_id) values (121, 'wmaysor3c', 108, 1922, '91e1:59fd:4a1d:d116:a89e:5b13:e6d9:784c/30', 95);
insert into ports (id, interface_name, port, vlan_id, ipv6, switch_id) values (122, 'zshiell3d', 44, 675, 'de19:c0bf:1f96:1725:35db:e7f8:3999:3b88/41', 30);
insert into ports (id, interface_name, port, vlan_id, ipv6, switch_id) values (123, 'ejans3e', 127, 1519, '1207:d2c3:61d5:360f:e2d5:1918:e37:ead7/67', 194);
insert into ports (id, interface_name, port, vlan_id, ipv6, switch_id) values (124, 'fbaxstar3f', 35, 3689, '6cab:4067:6df6:b757:f419:f96a:13b8:6854/70', 20);
insert into ports (id, interface_name, port, vlan_id, ipv6, switch_id) values (125, 'fcoldham3g', 75, 1159, 'c9b4:624f:dd1d:cb5d:b7ab:5fb0:70a9:ea48/98', 163);
insert into ports (id, interface_name, port, vlan_id, ipv6, switch_id) values (126, 'lpottery3h', 118, 620, '3bd9:988a:c7ff:c4c0:19cc:485c:cd42:6479/29', 37);
insert into ports (id, interface_name, port, vlan_id, ipv6, switch_id) values (127, 'abartalini3i', 52, 2009, '5703:9f0a:32af:c41e:7d37:a195:a615:a202/82', 25);
insert into ports (id, interface_name, port, vlan_id, ipv6, switch_id) values (128, 'craulstone3j', 71, 2709, 'f37b:e1f9:e7a1:dd1:e8c6:da28:cbd9:3784/50', 130);
insert into ports (id, interface_name, port, vlan_id, ipv6, switch_id) values (129, 'jjobb3k', 109, 1191, 'c9da:e53d:8d5c:2388:e2f3:c063:49f6:8a4a/112', 100);
insert into ports (id, interface_name, port, vlan_id, ipv6, switch_id) values (130, 'ssyddall3l', 5, 849, 'a459:b2df:b684:8cd4:47dd:5183:9a9e:b79f/80', 6);
insert into ports (id, interface_name, port, vlan_id, ipv6, switch_id) values (131, 'aposse3m', 77, 3223, '5284:80e1:1f87:3786:66cc:84b8:4efb:9f05/5', 53);
insert into ports (id, interface_name, port, vlan_id, ipv6, switch_id) values (132, 'mtalkington3n', 46, 3698, '3501:9ecc:b1eb:dfce:6399:fc20:4d82:6c96/45', 59);
insert into ports (id, interface_name, port, vlan_id, ipv6, switch_id) values (133, 'gheath3o', 5, 925, 'c494:4b20:261f:4963:d178:a389:de67:4efc/42', 179);
insert into ports (id, interface_name, port, vlan_id, ipv6, switch_id) values (134, 'spitblado3p', 100, 2644, '3b81:5b14:7b37:cb44:27c9:c675:f94f:f5f9/58', 122);
insert into ports (id, interface_name, port, vlan_id, ipv6, switch_id) values (135, 'rinker3q', 99, 1562, '4611:c242:2335:358f:8344:b550:b44f:5bdd/47', 171);
insert into ports (id, interface_name, port, vlan_id, ipv6, switch_id) values (136, 'gfullalove3r', 29, 639, '7ace:43e6:df4c:8f7a:b5c4:d974:20b9:569e/7', 51);
insert into ports (id, interface_name, port, vlan_id, ipv6, switch_id) values (137, 'wivermee3s', 72, 2855, '453b:2189:aa33:8752:9eca:f0e1:bbef:af8f/16', 27);
insert into ports (id, interface_name, port, vlan_id, ipv6, switch_id) values (138, 'bheggman3t', 11, 63, '6454:a695:c257:bae3:b6c3:34d9:f925:9df7/86', 13);
insert into ports (id, interface_name, port, vlan_id, ipv6, switch_id) values (139, 'collenbuttel3u', 73, 2675, '2927:69bd:7edc:c0d6:d746:e5e:6838:fdcf/49', 172);
insert into ports (id, interface_name, port, vlan_id, ipv6, switch_id) values (140, 'jhalcro3v', 9, 1787, 'f7f3:9da4:b93e:902d:eb2a:2875:4be2:3aab/14', 69);
insert into ports (id, interface_name, port, vlan_id, ipv6, switch_id) values (141, 'wwells3w', 47, 3729, '36aa:2dee:25ae:a356:962f:7fd1:182f:592d/26', 145);
insert into ports (id, interface_name, port, vlan_id, ipv6, switch_id) values (142, 'dweaver3x', 101, 3539, '4fbd:3640:6a0b:34ff:bd21:6f50:16a3:c90f/82', 33);
insert into ports (id, interface_name, port, vlan_id, ipv6, switch_id) values (143, 'cboorn3y', 46, 369, '4bc2:ee04:7295:f587:13b5:d3e3:fb50:4134/115', 161);
insert into ports (id, interface_name, port, vlan_id, ipv6, switch_id) values (144, 'kpresslee3z', 41, 612, 'f3cc:e3d1:b3df:33e5:2f3c:e5e1:83e3:58f2/75', 22);
insert into ports (id, interface_name, port, vlan_id, ipv6, switch_id) values (145, 'mmoakler40', 34, 257, 'b41d:f1e1:c9a0:5e2a:c6b6:ea7:d46f:431b/113', 99);
insert into ports (id, interface_name, port, vlan_id, ipv6, switch_id) values (146, 'adooland41', 32, 3154, '2095:df09:14f6:3079:20bf:956f:8f41:2cc8/27', 118);
insert into ports (id, interface_name, port, vlan_id, ipv6, switch_id) values (147, 'ebruce42', 9, 419, '1de1:fdb3:80ce:f906:ddef:5ef0:18e1:49e8/89', 91);
insert into ports (id, interface_name, port, vlan_id, ipv6, switch_id) values (148, 'slowdeane43', 24, 413, '740e:4ea5:9a8e:9ae1:306e:5833:3a6:efb3/118', 76);
insert into ports (id, interface_name, port, vlan_id, ipv6, switch_id) values (149, 'ghubbuck44', 101, 2191, 'b046:6c5a:8f21:a41:2cc6:e97a:c53b:d7c2/44', 43);
insert into ports (id, interface_name, port, vlan_id, ipv6, switch_id) values (150, 'ncasolla45', 62, 1623, '5236:809e:bb07:5fb3:c802:7830:2f3f:ec44/51', 125);
insert into ports (id, interface_name, port, vlan_id, ipv6, switch_id) values (151, 'fcollyer46', 51, 2684, '3dce:eb21:8937:e351:fb61:f1d1:d126:b79a/107', 57);
insert into ports (id, interface_name, port, vlan_id, ipv6, switch_id) values (152, 'acully47', 26, 1658, '3f9d:697a:36ec:3a6:d8c4:5de:12f6:a75e/99', 165);
insert into ports (id, interface_name, port, vlan_id, ipv6, switch_id) values (153, 'botson48', 46, 3788, '63f9:5c7b:5fda:2a84:572:6b03:e72a:2f79/95', 120);
insert into ports (id, interface_name, port, vlan_id, ipv6, switch_id) values (154, 'abewshire49', 97, 347, 'd907:8289:7194:37f7:b2b1:89b:7248:440e/82', 92);
insert into ports (id, interface_name, port, vlan_id, ipv6, switch_id) values (155, 'qilyuchyov4a', 1, 406, '974a:bc55:3d74:b8af:28ae:9622:a870:f02/76', 176);
insert into ports (id, interface_name, port, vlan_id, ipv6, switch_id) values (156, 'lstandbrooke4b', 72, 202, '551b:6f43:eb30:b0c8:e47c:cc02:4afc:ef6/83', 175);
insert into ports (id, interface_name, port, vlan_id, ipv6, switch_id) values (157, 'tdeschelle4c', 98, 2850, '1738:e274:b936:fa88:6c82:ccf2:9fc7:92a2/68', 74);
insert into ports (id, interface_name, port, vlan_id, ipv6, switch_id) values (158, 'kmarczyk4d', 47, 2085, '977f:103c:263c:dda8:68c2:9268:5db1:13d6/85', 65);
insert into ports (id, interface_name, port, vlan_id, ipv6, switch_id) values (159, 'asamber4e', 39, 1674, '880:ae53:9408:649b:938d:2eb8:54a8:6683/67', 149);
insert into ports (id, interface_name, port, vlan_id, ipv6, switch_id) values (160, 'jschriren4f', 33, 691, '3a6f:be3e:f650:cc6:812:bfda:2487:dc31/63', 60);
insert into ports (id, interface_name, port, vlan_id, ipv6, switch_id) values (161, 'cmatzke4g', 68, 3758, 'e975:699f:aa90:d120:7626:c68e:6246:6833/70', 31);
insert into ports (id, interface_name, port, vlan_id, ipv6, switch_id) values (162, 'dnapoli4h', 67, 1045, 'd2f:2085:33de:662:1e13:fb3c:5025:e7cf/40', 154);
insert into ports (id, interface_name, port, vlan_id, ipv6, switch_id) values (163, 'smillership4i', 109, 634, '69d2:7036:142a:da31:74ab:ae18:5277:be07/60', 15);
insert into ports (id, interface_name, port, vlan_id, ipv6, switch_id) values (164, 'gdobie4j', 12, 1079, '8467:487e:bb4:118a:5458:d2a1:df42:b3ae/110', 61);
insert into ports (id, interface_name, port, vlan_id, ipv6, switch_id) values (165, 'gcarnew4k', 77, 3467, '5bec:cdad:e9e5:57e8:ec0b:8ab2:e08d:6fbe/19', 145);
insert into ports (id, interface_name, port, vlan_id, ipv6, switch_id) values (166, 'hyakuntzov4l', 71, 2895, '18e8:1303:70d9:1a01:f2f3:bb28:7224:828f/9', 187);
insert into ports (id, interface_name, port, vlan_id, ipv6, switch_id) values (167, 'zcristoferi4m', 69, 3668, 'c83b:3821:a8ae:fdf7:af8b:104c:ab6:4bce/44', 33);
insert into ports (id, interface_name, port, vlan_id, ipv6, switch_id) values (168, 'fmackey4n', 33, 927, '121b:640d:9144:998a:368d:a79c:ee67:a18b/123', 33);
insert into ports (id, interface_name, port, vlan_id, ipv6, switch_id) values (169, 'egarrelts4o', 14, 3445, '1eb1:cd55:c7ad:36e4:f993:3e95:5366:3048/61', 191);
insert into ports (id, interface_name, port, vlan_id, ipv6, switch_id) values (170, 'mmccloughen4p', 125, 2289, 'd745:f72c:ab1b:1c28:17da:7f42:6737:bb86/109', 9);
insert into ports (id, interface_name, port, vlan_id, ipv6, switch_id) values (171, 'cvogelein4q', 121, 2764, '7660:d6a0:322b:f928:8d6a:1476:65e8:9b75/66', 75);
insert into ports (id, interface_name, port, vlan_id, ipv6, switch_id) values (172, 'rvowles4r', 35, 1324, '5203:ca99:9c5e:7280:b04f:4344:c191:69ef/73', 13);
insert into ports (id, interface_name, port, vlan_id, ipv6, switch_id) values (173, 'bbalderstone4s', 102, 1612, '50c2:e97b:f5bf:3dbe:94c0:ef0b:4b49:ebaf/38', 13);
insert into ports (id, interface_name, port, vlan_id, ipv6, switch_id) values (174, 'tjosephson4t', 44, 151, '6acc:c0d9:322e:1c46:8b08:8e75:9f5b:c225/116', 138);
insert into ports (id, interface_name, port, vlan_id, ipv6, switch_id) values (175, 'glovelock4u', 21, 1654, 'c669:d226:edb4:5b0c:293a:709f:88af:8490/21', 168);
insert into ports (id, interface_name, port, vlan_id, ipv6, switch_id) values (176, 'adupoy4v', 41, 3655, 'd1e2:fc82:7911:873a:4883:3ef4:f19c:a3ac/110', 115);
insert into ports (id, interface_name, port, vlan_id, ipv6, switch_id) values (177, 'nmurrish4w', 112, 363, '3c62:535:75fb:5102:fe4:b485:94f9:1a95/6', 110);
insert into ports (id, interface_name, port, vlan_id, ipv6, switch_id) values (178, 'tkellert4x', 60, 1604, 'c4d1:34a7:b1cd:1651:5f98:62d8:5cb9:afaf/34', 45);
insert into ports (id, interface_name, port, vlan_id, ipv6, switch_id) values (179, 'asaxby4y', 63, 2607, 'be71:a945:7e4b:f19a:abc9:aefc:740:3bd4/106', 48);
insert into ports (id, interface_name, port, vlan_id, ipv6, switch_id) values (180, 'ltresler4z', 103, 3114, 'a8a4:a8ba:8aae:91d6:a675:c125:82bf:c7ad/51', 76);
insert into ports (id, interface_name, port, vlan_id, ipv6, switch_id) values (181, 'echilcott50', 37, 3488, '28ea:d670:8a37:cc09:a23e:73a3:2d73:cc40/55', 130);
insert into ports (id, interface_name, port, vlan_id, ipv6, switch_id) values (182, 'modlin51', 111, 925, 'cd59:767f:d514:ed12:4358:58c6:dbef:7d77/51', 116);
insert into ports (id, interface_name, port, vlan_id, ipv6, switch_id) values (183, 'hfishwick52', 11, 304, '6b62:ad9e:f260:f0ef:9bb3:11a2:55b4:649b/17', 115);
insert into ports (id, interface_name, port, vlan_id, ipv6, switch_id) values (184, 'rwatman53', 32, 2902, '81a0:aec:2504:3a0c:3cc:ce64:2385:7840/28', 185);
insert into ports (id, interface_name, port, vlan_id, ipv6, switch_id) values (185, 'msouch54', 46, 2835, 'a68f:28e8:2332:45f9:2620:be0a:f761:9069/67', 183);
insert into ports (id, interface_name, port, vlan_id, ipv6, switch_id) values (186, 'cthompson55', 51, 1596, '7ddb:879f:b26f:2d26:ee7c:665b:328e:8bbd/60', 117);
insert into ports (id, interface_name, port, vlan_id, ipv6, switch_id) values (187, 'kfocke56', 38, 695, '5b28:3429:39d3:8081:2b0a:102e:f647:59a/117', 93);
insert into ports (id, interface_name, port, vlan_id, ipv6, switch_id) values (188, 'cwinchcomb57', 97, 610, '8175:e67c:56c6:2624:8bd2:7e43:285a:bdcf/43', 21);
insert into ports (id, interface_name, port, vlan_id, ipv6, switch_id) values (189, 'gwale58', 59, 1507, '4aaa:312b:e671:f5b2:76d1:e8cf:558f:adf/1', 81);
insert into ports (id, interface_name, port, vlan_id, ipv6, switch_id) values (190, 'zmundow59', 28, 3372, '8c7:cf2f:63d3:af37:342c:faef:cb36:d362/49', 9);
insert into ports (id, interface_name, port, vlan_id, ipv6, switch_id) values (191, 'rgeertz5a', 103, 4027, 'ba1d:b33:4c6d:ea1f:d161:6e7b:8cf1:5b55/36', 22);
insert into ports (id, interface_name, port, vlan_id, ipv6, switch_id) values (192, 'wdaniel5b', 38, 325, 'fcc3:ba97:b1f1:652b:b94c:96af:76b0:8ac9/54', 79);
insert into ports (id, interface_name, port, vlan_id, ipv6, switch_id) values (193, 'sspellward5c', 61, 1814, 'c031:e48f:af13:de6e:f79f:bb48:a5f5:506/1', 153);
insert into ports (id, interface_name, port, vlan_id, ipv6, switch_id) values (194, 'cgreenside5d', 5, 1747, 'c2d2:8e7f:148e:d7d4:f9c2:957e:490a:a0cd/56', 95);
insert into ports (id, interface_name, port, vlan_id, ipv6, switch_id) values (195, 'tkebbell5e', 1, 719, '3459:8442:e5fa:70c:84df:efed:6283:6208/89', 33);
insert into ports (id, interface_name, port, vlan_id, ipv6, switch_id) values (196, 'mhaukey5f', 15, 1201, 'c304:fab1:7fec:b047:ab7e:1c40:b665:3c9c/5', 102);
insert into ports (id, interface_name, port, vlan_id, ipv6, switch_id) values (197, 'enormanvill5g', 20, 3170, '88c:8c27:7e6:bf20:3185:d6c8:227e:a719/21', 198);
insert into ports (id, interface_name, port, vlan_id, ipv6, switch_id) values (198, 'kcaughan5h', 62, 2230, 'f6bb:a425:7713:7b24:a1bb:2477:bb57:1111/11', 152);
insert into ports (id, interface_name, port, vlan_id, ipv6, switch_id) values (199, 'sseymark5i', 114, 135, 'a02e:75e7:6d03:a665:a6e8:9f6e:e5c1:b4f3/126', 44);
insert into ports (id, interface_name, port, vlan_id, ipv6, switch_id) values (200, 'kmidlar5j', 91, 877, '10d2:96f8:f0b4:dab7:7b12:deaa:75d8:71e2/103', 191);
insert into ports (id, interface_name, port, vlan_id, ipv6, switch_id) values (201, 'cviney5k', 39, 96, 'c125:87cd:60bc:4148:ba9b:ae44:7feb:8438/61', 7);
insert into ports (id, interface_name, port, vlan_id, ipv6, switch_id) values (202, 'acastanares5l', 1, 3767, 'a00b:69ee:e81c:7b37:d022:8ce:d080:c813/91', 95);
insert into ports (id, interface_name, port, vlan_id, ipv6, switch_id) values (203, 'podoogan5m', 42, 378, '740d:21dc:3223:161f:6a8b:926e:4669:5af8/43', 86);
insert into ports (id, interface_name, port, vlan_id, ipv6, switch_id) values (204, 'jiorio5n', 69, 526, 'fa7e:cdff:a6e1:753e:da8d:4626:6fbb:e9b0/71', 171);
insert into ports (id, interface_name, port, vlan_id, ipv6, switch_id) values (205, 'tsouthan5o', 59, 3979, '946d:1f5d:eb1:c41:9b4d:488c:25d5:e267/24', 161);
insert into ports (id, interface_name, port, vlan_id, ipv6, switch_id) values (206, 'sdilliway5p', 66, 3367, '4e5c:8a0a:9ca6:3233:87bb:497b:e8e5:9a27/99', 126);
insert into ports (id, interface_name, port, vlan_id, ipv6, switch_id) values (207, 'gsuddick5q', 117, 2047, '7e90:e0ef:614a:5dbc:f191:8d9a:349d:5e70/59', 60);
insert into ports (id, interface_name, port, vlan_id, ipv6, switch_id) values (208, 'odreschler5r', 127, 3488, 'ffae:e70a:12f8:6fd2:db99:abb8:170:27c9/103', 51);
insert into ports (id, interface_name, port, vlan_id, ipv6, switch_id) values (209, 'vcuckoo5s', 3, 2685, '2820:2ac4:d553:cdd5:a27f:c55d:1761:ad6/57', 94);
insert into ports (id, interface_name, port, vlan_id, ipv6, switch_id) values (210, 'santowski5t', 111, 2016, 'b475:ad3a:8910:22ed:bcdc:9ca1:6d94:6b84/10', 196);
insert into ports (id, interface_name, port, vlan_id, ipv6, switch_id) values (211, 'mpoytres5u', 43, 1357, 'a7f4:7cef:902e:2890:343:2a6f:9173:cec9/73', 89);
insert into ports (id, interface_name, port, vlan_id, ipv6, switch_id) values (212, 'jpietruszewicz5v', 26, 2685, '5807:33f4:1e9:c361:1145:46a2:f8f3:f756/53', 89);
insert into ports (id, interface_name, port, vlan_id, ipv6, switch_id) values (213, 'ltolossi5w', 18, 1988, '8c6f:ec4d:c044:74ad:ac2a:af6c:c7d0:57ba/72', 34);
insert into ports (id, interface_name, port, vlan_id, ipv6, switch_id) values (214, 'tdransfield5x', 122, 2037, 'd436:9461:6d7b:e16a:6f5c:782c:102a:aed2/62', 14);
insert into ports (id, interface_name, port, vlan_id, ipv6, switch_id) values (215, 'mkelland5y', 7, 3758, 'd4c8:f1d5:1b8e:dc6f:8278:13cb:6601:1943/26', 157);
insert into ports (id, interface_name, port, vlan_id, ipv6, switch_id) values (216, 'btrelevan5z', 29, 1594, '6c89:8fcb:b020:aab5:45c1:a222:ee40:f8de/117', 63);
insert into ports (id, interface_name, port, vlan_id, ipv6, switch_id) values (217, 'mvittori60', 19, 1066, '2592:64b:e8b7:4c77:e900:952:56da:eede/78', 76);
insert into ports (id, interface_name, port, vlan_id, ipv6, switch_id) values (218, 'gjudron61', 66, 3347, 'e70b:655a:cbaf:625d:f90c:2e7e:92a9:1ac4/74', 66);
insert into ports (id, interface_name, port, vlan_id, ipv6, switch_id) values (219, 'swhitear62', 36, 1257, '7b98:2366:a249:3023:7fad:8911:c98d:7f13/101', 118);
insert into ports (id, interface_name, port, vlan_id, ipv6, switch_id) values (220, 'cpaulo63', 114, 508, 'f7a8:b216:dfb1:f293:21a:e7a6:f823:688b/15', 78);
insert into ports (id, interface_name, port, vlan_id, ipv6, switch_id) values (221, 'ieeles64', 119, 2368, '8eca:1b8b:6934:7b8:c83f:5e70:56b6:71a2/117', 29);
insert into ports (id, interface_name, port, vlan_id, ipv6, switch_id) values (222, 'mdevorill65', 77, 16, '1cd:ef20:3fc3:8c96:b4f0:562d:3a71:21ae/126', 140);
insert into ports (id, interface_name, port, vlan_id, ipv6, switch_id) values (223, 'csherratt66', 107, 1499, '77be:7474:d5bd:a222:b071:a53:e5f6:5653/73', 170);
insert into ports (id, interface_name, port, vlan_id, ipv6, switch_id) values (224, 'saxell67', 46, 3472, 'b1fb:cfa5:6658:a55f:5301:22ca:f72:4bdd/17', 88);
insert into ports (id, interface_name, port, vlan_id, ipv6, switch_id) values (225, 'agallelli68', 18, 2862, 'a888:6b4f:5a2f:9be5:ca02:9b2b:6395:a3ee/103', 61);
insert into ports (id, interface_name, port, vlan_id, ipv6, switch_id) values (226, 'bfilmer69', 52, 1387, '5f2e:fe19:4375:b9a2:d002:7bec:120f:4e43/64', 29);
insert into ports (id, interface_name, port, vlan_id, ipv6, switch_id) values (227, 'gcopner6a', 72, 3396, '9f41:2438:bb52:2650:2956:ce4f:9b72:3c27/29', 103);
insert into ports (id, interface_name, port, vlan_id, ipv6, switch_id) values (228, 'smarriott6b', 114, 3955, '6fe0:950:abfc:36d7:6c5:96b2:bb1a:ed01/117', 70);
insert into ports (id, interface_name, port, vlan_id, ipv6, switch_id) values (229, 'cboribal6c', 116, 810, '5569:7134:e10e:9c5a:1c5c:3a12:9d66:a6de/10', 123);
insert into ports (id, interface_name, port, vlan_id, ipv6, switch_id) values (230, 'stapp6d', 106, 4000, 'cfd8:d440:45b1:2fd2:6792:eb2b:889f:d1a4/102', 55);
insert into ports (id, interface_name, port, vlan_id, ipv6, switch_id) values (231, 'hreichhardt6e', 28, 3924, 'b119:b25f:5ae2:f981:aa26:b390:523d:e984/39', 91);
insert into ports (id, interface_name, port, vlan_id, ipv6, switch_id) values (232, 'btyrone6f', 61, 2730, '4d67:b7a:3570:e8e4:8c61:746:1a82:5532/34', 120);
insert into ports (id, interface_name, port, vlan_id, ipv6, switch_id) values (233, 'gjanssens6g', 9, 638, 'c7bd:b1e8:639e:dd4:e335:11ad:adb4:c17/75', 128);
insert into ports (id, interface_name, port, vlan_id, ipv6, switch_id) values (234, 'moxberry6h', 56, 2927, '8474:3111:1ea3:9878:dd7d:34e2:72c6:4b15/69', 8);
insert into ports (id, interface_name, port, vlan_id, ipv6, switch_id) values (235, 'tlindell6i', 118, 882, 'c661:6aab:1332:5c0b:f702:ddb3:7611:a95a/37', 133);
insert into ports (id, interface_name, port, vlan_id, ipv6, switch_id) values (236, 'hreggler6j', 114, 681, '75ca:82d6:fc19:29d5:70e2:8a68:e25a:bf64/38', 41);
insert into ports (id, interface_name, port, vlan_id, ipv6, switch_id) values (237, 'jgavozzi6k', 101, 4062, '6e95:3cc5:cb79:faf4:1715:4347:4d72:ac14/36', 115);
insert into ports (id, interface_name, port, vlan_id, ipv6, switch_id) values (238, 'dalderman6l', 83, 3572, '96d9:b3be:a78d:478d:df8e:508e:57c8:b778/22', 182);
insert into ports (id, interface_name, port, vlan_id, ipv6, switch_id) values (239, 'cmcauliffe6m', 127, 4082, '97bd:692e:af30:9b93:dc52:f757:d217:4973/3', 97);
insert into ports (id, interface_name, port, vlan_id, ipv6, switch_id) values (240, 'bdovinson6n', 108, 1881, 'd3c:8608:c1ca:d49c:9f28:cb8c:109f:22f2/64', 34);
insert into ports (id, interface_name, port, vlan_id, ipv6, switch_id) values (241, 'ldaye6o', 56, 2563, 'c658:78b4:ca95:d616:9900:3dee:c4e7:f059/47', 17);
insert into ports (id, interface_name, port, vlan_id, ipv6, switch_id) values (242, 'bflitcroft6p', 128, 3344, '512:b938:a76:77b1:8c14:3f96:f56d:c330/55', 53);
insert into ports (id, interface_name, port, vlan_id, ipv6, switch_id) values (243, 'sscading6q', 29, 2965, 'b7f7:98d3:971:ec6f:f84a:a0c7:7604:59f8/64', 12);
insert into ports (id, interface_name, port, vlan_id, ipv6, switch_id) values (244, 'gneligan6r', 80, 3936, 'b79d:f68e:c7fc:cbcb:9664:64bb:fb6e:e277/56', 23);
insert into ports (id, interface_name, port, vlan_id, ipv6, switch_id) values (245, 'msomerlie6s', 29, 3171, '4fc0:ea93:55b1:febe:d734:e7a2:ec6e:b153/114', 127);
insert into ports (id, interface_name, port, vlan_id, ipv6, switch_id) values (246, 'tlipmann6t', 56, 3842, 'abce:ffc8:89cc:e7cd:b6af:42ce:a8ff:c4b8/126', 21);
insert into ports (id, interface_name, port, vlan_id, ipv6, switch_id) values (247, 'hgaraway6u', 53, 3756, '4f0c:c0bb:40b8:969e:a73f:4ce8:c018:8ed8/86', 84);
insert into ports (id, interface_name, port, vlan_id, ipv6, switch_id) values (248, 'nguidoni6v', 15, 1733, 'dc64:71f6:9948:6a68:9de2:fdfd:c532:65e6/91', 84);
insert into ports (id, interface_name, port, vlan_id, ipv6, switch_id) values (249, 'sbagworth6w', 17, 1150, 'e0ea:cb86:5707:8e22:4bce:7dfb:ec6f:9503/19', 115);
insert into ports (id, interface_name, port, vlan_id, ipv6, switch_id) values (250, 'amccoll6x', 119, 924, '9140:1574:5ac6:f295:1474:79b2:7fc4:5b2/121', 175);
insert into ports (id, interface_name, port, vlan_id, ipv6, switch_id) values (251, 'derett6y', 123, 2208, '1df3:2df9:2ee5:9cd2:978c:2e84:bd98:28dd/104', 120);
insert into ports (id, interface_name, port, vlan_id, ipv6, switch_id) values (252, 'dthewles6z', 41, 2091, 'a009:2bb1:8dac:3450:9c2d:54ed:e272:4686/118', 38);
insert into ports (id, interface_name, port, vlan_id, ipv6, switch_id) values (253, 'dzanolli70', 107, 1730, '431d:2c27:5660:6ff8:b9e4:3f18:12bc:e868/101', 26);
insert into ports (id, interface_name, port, vlan_id, ipv6, switch_id) values (254, 'bbuney71', 109, 4060, '3cc9:f4fa:115c:2676:4fc7:b374:ef01:ec2a/107', 165);
insert into ports (id, interface_name, port, vlan_id, ipv6, switch_id) values (255, 'fweben72', 73, 2492, 'b2ed:f820:4bba:bd81:805f:d022:d828:d03f/37', 27);
insert into ports (id, interface_name, port, vlan_id, ipv6, switch_id) values (256, 'tsorey73', 22, 1442, '2e31:d9fd:9b49:25ef:dd27:1b7:4f57:b7eb/90', 69);
insert into ports (id, interface_name, port, vlan_id, ipv6, switch_id) values (257, 'dtebboth74', 104, 503, '1372:e05e:5887:4724:250e:39ba:8853:85cd/14', 199);
insert into ports (id, interface_name, port, vlan_id, ipv6, switch_id) values (258, 'cbowgen75', 121, 505, '2ca6:65a2:7996:452d:9069:839:6da2:e32a/94', 53);
insert into ports (id, interface_name, port, vlan_id, ipv6, switch_id) values (259, 'rswatridge76', 123, 2519, 'ede8:de77:cf9c:ffd9:a8fd:321a:12c0:dd36/9', 34);
insert into ports (id, interface_name, port, vlan_id, ipv6, switch_id) values (260, 'wbrickhill77', 87, 2004, 'ff25:9442:bdf2:e404:9082:9104:6188:5ca0/127', 101);
insert into ports (id, interface_name, port, vlan_id, ipv6, switch_id) values (261, 'dwarland78', 25, 3198, 'fb0b:9e3d:be9b:aac9:f16f:9347:6b7f:c335/37', 16);
insert into ports (id, interface_name, port, vlan_id, ipv6, switch_id) values (262, 'lhaxbie79', 3, 3894, '1c21:fc2c:8386:5dc9:ff14:ecad:2c0e:d4b8/43', 193);
insert into ports (id, interface_name, port, vlan_id, ipv6, switch_id) values (263, 'dcourage7a', 68, 1343, '7e81:d501:b982:54d6:475f:7a5d:3b9e:52b6/10', 176);
insert into ports (id, interface_name, port, vlan_id, ipv6, switch_id) values (264, 'roakton7b', 78, 177, '8e8e:c0aa:708e:cda0:c2b:1d39:c396:2712/19', 101);
insert into ports (id, interface_name, port, vlan_id, ipv6, switch_id) values (265, 'epreece7c', 88, 243, '62fd:97c2:5186:ae83:6f4f:dd75:55ae:525e/111', 140);
insert into ports (id, interface_name, port, vlan_id, ipv6, switch_id) values (266, 'jwiggett7d', 37, 2369, '4c24:f6bc:f43e:bcea:f2fc:192d:1610:6ac4/119', 106);
insert into ports (id, interface_name, port, vlan_id, ipv6, switch_id) values (267, 'fdurward7e', 19, 88, '3f4e:f6aa:2499:d8fd:a054:5988:8cfd:8ac1/46', 105);
insert into ports (id, interface_name, port, vlan_id, ipv6, switch_id) values (268, 'fdohms7f', 31, 2330, '34f4:f79d:3fa5:801a:2083:b112:a528:239a/123', 52);
insert into ports (id, interface_name, port, vlan_id, ipv6, switch_id) values (269, 'otrencher7g', 67, 2855, 'f8f7:6eb2:7fd5:440a:37c9:45f6:e0a:e3f0/26', 156);
insert into ports (id, interface_name, port, vlan_id, ipv6, switch_id) values (270, 'pteas7h', 33, 3939, 'c188:169c:90ba:e61a:7b52:44c4:9800:f59f/2', 47);
insert into ports (id, interface_name, port, vlan_id, ipv6, switch_id) values (271, 'mnozzolinii7i', 18, 2092, '1bf5:5d9a:64d2:4779:d29f:88:d103:8239/61', 38);
insert into ports (id, interface_name, port, vlan_id, ipv6, switch_id) values (272, 'amortell7j', 46, 1830, '9884:12eb:b918:ed20:feb8:a711:a49e:2f7f/5', 180);
insert into ports (id, interface_name, port, vlan_id, ipv6, switch_id) values (273, 'hkearsley7k', 93, 961, 'abf6:2d5f:ca71:6c00:bd2d:f3ba:7138:7a68/107', 98);
insert into ports (id, interface_name, port, vlan_id, ipv6, switch_id) values (274, 'bpunton7l', 42, 2902, '70a8:73d6:9465:5d16:b984:8765:bb7:827d/67', 95);
insert into ports (id, interface_name, port, vlan_id, ipv6, switch_id) values (275, 'epontefract7m', 83, 1112, 'e2bf:aba3:7367:175b:f309:172f:14ba:2f3a/56', 18);
insert into ports (id, interface_name, port, vlan_id, ipv6, switch_id) values (276, 'jpaulich7n', 32, 1747, '8d52:eff4:7dba:610a:9b1e:1ea9:5726:6ac/124', 40);
insert into ports (id, interface_name, port, vlan_id, ipv6, switch_id) values (277, 'mjeannard7o', 125, 1969, '95fc:9468:ca20:b594:bdd9:6eb4:5021:58db/15', 113);
insert into ports (id, interface_name, port, vlan_id, ipv6, switch_id) values (278, 'dvasilechko7p', 50, 3611, '4cab:7af:ba67:2df3:73b3:90bd:2b41:de82/43', 193);
insert into ports (id, interface_name, port, vlan_id, ipv6, switch_id) values (279, 'htoderini7q', 26, 364, '9cef:b1fb:2953:d264:fc1e:1a3b:1958:76b7/30', 76);
insert into ports (id, interface_name, port, vlan_id, ipv6, switch_id) values (280, 'ogoodred7r', 66, 2984, 'f3f6:c6a6:4ccd:9179:7f7d:1ef6:197f:4bef/63', 29);
insert into ports (id, interface_name, port, vlan_id, ipv6, switch_id) values (281, 'fpach7s', 114, 3435, '1c26:6cd1:c5a7:58dc:fff7:f38b:6322:59dc/124', 10);
insert into ports (id, interface_name, port, vlan_id, ipv6, switch_id) values (282, 'ejowle7t', 24, 341, '27d0:8add:1b19:5106:8afb:dc45:4016:6965/12', 66);
insert into ports (id, interface_name, port, vlan_id, ipv6, switch_id) values (283, 'jgelardi7u', 33, 848, '9868:1e4c:5de1:a4a6:57ed:232b:9a85:82c/118', 150);
insert into ports (id, interface_name, port, vlan_id, ipv6, switch_id) values (284, 'tjarville7v', 30, 3694, '643b:5b56:44e6:9664:9303:9614:a025:7a1b/87', 4);
insert into ports (id, interface_name, port, vlan_id, ipv6, switch_id) values (285, 'shove7w', 59, 1938, 'f085:cfba:b461:4823:a0ac:c24b:5733:556d/103', 99);
insert into ports (id, interface_name, port, vlan_id, ipv6, switch_id) values (286, 'kbeseke7x', 36, 2238, '2056:bf4a:19f0:26e5:1de8:5507:b610:6b74/82', 141);
insert into ports (id, interface_name, port, vlan_id, ipv6, switch_id) values (287, 'djeyes7y', 63, 3595, '2c2:5b3e:e99b:5e77:ae2:cd67:facf:4d4f/125', 8);
insert into ports (id, interface_name, port, vlan_id, ipv6, switch_id) values (288, 'alethby7z', 74, 2328, 'a990:d182:bec8:7451:7424:5b08:61b6:bd69/125', 156);
insert into ports (id, interface_name, port, vlan_id, ipv6, switch_id) values (289, 'lmohammad80', 56, 759, '909a:9f7:ffa7:62d1:de6:6c73:3be8:22d8/29', 48);
insert into ports (id, interface_name, port, vlan_id, ipv6, switch_id) values (290, 'ystanfield81', 105, 2388, 'b1da:916f:fcbb:e92a:ba13:6cf9:cde0:abf0/126', 8);
insert into ports (id, interface_name, port, vlan_id, ipv6, switch_id) values (291, 'iclouston82', 69, 2070, 'f648:d77f:81ae:11d6:4243:49b3:657a:3d23/119', 19);
insert into ports (id, interface_name, port, vlan_id, ipv6, switch_id) values (292, 'iabley83', 13, 2592, '47c0:bd9e:ee19:1eee:8b36:c07:a5d4:548f/122', 94);
insert into ports (id, interface_name, port, vlan_id, ipv6, switch_id) values (293, 'cbacop84', 4, 1377, 'f23:5ace:1ca1:41a6:f58a:a401:6f39:bc38/4', 78);
insert into ports (id, interface_name, port, vlan_id, ipv6, switch_id) values (294, 'hcare85', 115, 3231, '99bd:4dda:9b63:737d:4fef:2cc2:eaa2:617d/52', 146);
insert into ports (id, interface_name, port, vlan_id, ipv6, switch_id) values (295, 'aludlamme86', 54, 1875, '245d:a579:f677:d883:91e9:a108:e2f9:8785/4', 32);
insert into ports (id, interface_name, port, vlan_id, ipv6, switch_id) values (296, 'msouthcombe87', 61, 3307, 'd28f:6faa:90f:c733:9ef6:76b7:824a:4117/26', 84);
insert into ports (id, interface_name, port, vlan_id, ipv6, switch_id) values (297, 'btipton88', 89, 2480, '50ba:a9ff:aabd:ee45:9eb:675f:9500:b276/108', 55);
insert into ports (id, interface_name, port, vlan_id, ipv6, switch_id) values (298, 'smacaindreis89', 22, 3710, '3080:b5d4:e:4082:c00c:6039:e256:8702/81', 27);
insert into ports (id, interface_name, port, vlan_id, ipv6, switch_id) values (299, 'uwedmore8a', 63, 3260, 'e0d6:9b99:752e:e39f:25e6:ecdf:7437:d3c8/80', 75);
insert into ports (id, interface_name, port, vlan_id, ipv6, switch_id) values (300, 'lbastistini8b', 82, 2016, 'a71e:985:4419:5c11:dac9:c572:b093:1e4b/67', 188);
insert into ports (id, interface_name, port, vlan_id, ipv6, switch_id) values (301, 'dgrigori8c', 19, 1354, '44b9:a2c4:d7ee:d65e:5fae:56d2:ed59:41b9/6', 34);
insert into ports (id, interface_name, port, vlan_id, ipv6, switch_id) values (302, 'hhoultham8d', 68, 1879, '9051:780a:da57:365d:8751:8ab5:7fef:cf2b/49', 166);
insert into ports (id, interface_name, port, vlan_id, ipv6, switch_id) values (303, 'tdearth8e', 1, 957, '62c7:71ec:888e:91f:79b7:53f9:707e:e7c1/53', 72);
insert into ports (id, interface_name, port, vlan_id, ipv6, switch_id) values (304, 'pstorer8f', 98, 1566, 'b4c0:2502:8b3d:ee43:80c8:6a:f62c:d8f9/18', 170);
insert into ports (id, interface_name, port, vlan_id, ipv6, switch_id) values (305, 'lwitcomb8g', 117, 3016, '2bac:2e5b:ced3:11ec:821b:67c7:9ba:ee57/96', 154);
insert into ports (id, interface_name, port, vlan_id, ipv6, switch_id) values (306, 'rdikles8h', 6, 663, 'd5e0:6366:e99:748f:49ac:a5e5:cf1b:7f57/122', 18);
insert into ports (id, interface_name, port, vlan_id, ipv6, switch_id) values (307, 'barrundale8i', 104, 137, '3ad7:e348:311d:c030:2cbe:ea51:e2cf:3bc0/100', 7);
insert into ports (id, interface_name, port, vlan_id, ipv6, switch_id) values (308, 'amattersley8j', 38, 2471, '869b:8cd4:bbd8:5de2:72d4:b40c:74b9:f3c7/2', 84);
insert into ports (id, interface_name, port, vlan_id, ipv6, switch_id) values (309, 'ocayzer8k', 51, 127, '4c03:36a8:39ed:9bbb:3046:bdbc:848:656f/94', 140);
insert into ports (id, interface_name, port, vlan_id, ipv6, switch_id) values (310, 'dshrimplin8l', 59, 1045, 'bc1c:bef6:c22a:e6e:31b2:eeb:eba4:cab3/101', 149);
insert into ports (id, interface_name, port, vlan_id, ipv6, switch_id) values (311, 'lhasnip8m', 18, 1156, 'd6ca:b347:787d:1ab0:33c6:ca5f:e205:9938/85', 196);
insert into ports (id, interface_name, port, vlan_id, ipv6, switch_id) values (312, 'aswyndley8n', 58, 3992, 'ccd6:b4c6:3301:c6b:b229:f935:b553:a41d/85', 108);
insert into ports (id, interface_name, port, vlan_id, ipv6, switch_id) values (313, 'kdarling8o', 106, 3277, '1a2c:e70e:e2eb:5813:9fa0:215a:adaa:8043/56', 142);
insert into ports (id, interface_name, port, vlan_id, ipv6, switch_id) values (314, 'sdawley8p', 29, 809, '762a:e9ae:7d06:76f8:e09:f549:4197:b043/32', 75);
insert into ports (id, interface_name, port, vlan_id, ipv6, switch_id) values (315, 'efredi8q', 28, 2943, '22ce:93d8:bc2a:8923:d7ce:e673:b9e5:a238/93', 2);
insert into ports (id, interface_name, port, vlan_id, ipv6, switch_id) values (316, 'wbell8r', 97, 2959, '1043:dad6:4d4:da80:5d0e:6d11:ce6f:f22f/90', 97);
insert into ports (id, interface_name, port, vlan_id, ipv6, switch_id) values (317, 'owyper8s', 76, 2585, 'ec07:95da:4946:5ea4:b02a:b309:9c51:933/16', 10);
insert into ports (id, interface_name, port, vlan_id, ipv6, switch_id) values (318, 'mjohns8t', 120, 1730, '2714:24eb:45f1:1156:65ee:a221:5dff:5e77/48', 94);
insert into ports (id, interface_name, port, vlan_id, ipv6, switch_id) values (319, 'hleversuch8u', 122, 2080, '5387:c331:90c7:1431:4c3:e920:de29:5633/28', 36);
insert into ports (id, interface_name, port, vlan_id, ipv6, switch_id) values (320, 'hdunkley8v', 23, 976, '8217:8826:b31b:9d76:47d6:4499:199e:4fef/99', 93);
insert into ports (id, interface_name, port, vlan_id, ipv6, switch_id) values (321, 'jmewes8w', 86, 1696, 'c66e:65bb:4335:7c59:4905:7e60:bf88:dd72/56', 163);
insert into ports (id, interface_name, port, vlan_id, ipv6, switch_id) values (322, 'lpetrulis8x', 24, 1206, 'b8d:d572:3a2d:4f68:c2f8:73aa:93e5:7867/61', 28);
insert into ports (id, interface_name, port, vlan_id, ipv6, switch_id) values (323, 'hyitzhakof8y', 110, 558, '4557:f751:b6a6:ee6a:cf97:80e6:8784:6fcc/29', 2);
insert into ports (id, interface_name, port, vlan_id, ipv6, switch_id) values (324, 'bsalisbury8z', 89, 3298, 'b55a:29b8:f36a:24a9:4845:4ec9:61d9:7065/102', 55);
insert into ports (id, interface_name, port, vlan_id, ipv6, switch_id) values (325, 'rsprigg90', 79, 712, '90be:75fb:558c:16a3:7325:d978:8253:67b1/123', 176);
insert into ports (id, interface_name, port, vlan_id, ipv6, switch_id) values (326, 'cmanklow91', 105, 547, 'b3a7:7ec:e984:440:8f00:9922:bfe9:8801/77', 12);
insert into ports (id, interface_name, port, vlan_id, ipv6, switch_id) values (327, 'fcurtin92', 36, 1084, 'e12:2e82:3ec:6003:e118:fdaf:434c:d7b7/60', 106);
insert into ports (id, interface_name, port, vlan_id, ipv6, switch_id) values (328, 'amaslen93', 78, 4034, 'a071:7f67:5f3a:497d:90aa:2dce:3836:24e7/27', 108);
insert into ports (id, interface_name, port, vlan_id, ipv6, switch_id) values (329, 'kmorgen94', 111, 1590, 'ea3:3bb8:14c8:173f:ee2b:c89c:c4b1:4e6b/87', 14);
insert into ports (id, interface_name, port, vlan_id, ipv6, switch_id) values (330, 'gczajkowska95', 38, 2403, 'a3f0:ab35:8572:4e54:bdf8:5342:a554:7d34/18', 185);
insert into ports (id, interface_name, port, vlan_id, ipv6, switch_id) values (331, 'dmabbitt96', 20, 1796, '1d8e:a33d:50a4:3242:8c5b:d5bc:5060:83d5/63', 162);
insert into ports (id, interface_name, port, vlan_id, ipv6, switch_id) values (332, 'lderr97', 25, 240, '9190:9ad2:d8d3:1f46:da9e:c819:dad4:e790/78', 156);
insert into ports (id, interface_name, port, vlan_id, ipv6, switch_id) values (333, 'cglantz98', 56, 3730, '430b:d45a:3503:1ba0:712:7f05:8d42:dbba/7', 101);
insert into ports (id, interface_name, port, vlan_id, ipv6, switch_id) values (334, 'klogesdale99', 71, 2158, 'd359:149e:36b7:bcf4:a145:ac6c:4675:700a/3', 62);
insert into ports (id, interface_name, port, vlan_id, ipv6, switch_id) values (335, 'lpaschek9a', 114, 857, '91db:91ed:8210:bd33:82db:7623:53ee:f426/3', 69);
insert into ports (id, interface_name, port, vlan_id, ipv6, switch_id) values (336, 'dgeorgievski9b', 95, 2430, '4861:aad4:3eb7:cce4:b56e:fe4a:d788:5629/126', 17);
insert into ports (id, interface_name, port, vlan_id, ipv6, switch_id) values (337, 'rachurch9c', 71, 1885, 'ccea:b695:ed5b:a0aa:4eb4:c148:841b:34ca/1', 115);
insert into ports (id, interface_name, port, vlan_id, ipv6, switch_id) values (338, 'tkennealy9d', 60, 2774, 'd09a:496e:5aeb:1742:fb0e:cb28:db9a:3738/69', 23);
insert into ports (id, interface_name, port, vlan_id, ipv6, switch_id) values (339, 'rkleint9e', 27, 2793, '7f50:46c2:d756:7690:dccd:66c6:35f6:b64f/71', 79);
insert into ports (id, interface_name, port, vlan_id, ipv6, switch_id) values (340, 'blyard9f', 121, 1985, '3a00:e3e:5f71:1fb7:878f:bd1a:5cdb:f89b/85', 5);
insert into ports (id, interface_name, port, vlan_id, ipv6, switch_id) values (341, 'sferrick9g', 98, 3249, '2333:f1fe:1165:db44:88dd:435f:a4b2:e00b/92', 154);
insert into ports (id, interface_name, port, vlan_id, ipv6, switch_id) values (342, 'cviggers9h', 44, 3717, '3a19:36d5:c865:55b0:247a:1a41:a55d:163/109', 96);
insert into ports (id, interface_name, port, vlan_id, ipv6, switch_id) values (343, 'hsebright9i', 107, 981, 'a157:3279:41c5:a184:8447:fe11:3f43:d3b1/35', 112);
insert into ports (id, interface_name, port, vlan_id, ipv6, switch_id) values (344, 'ltuson9j', 111, 2735, '12a7:346f:8a22:fab0:2c20:5306:538a:b97e/45', 75);
insert into ports (id, interface_name, port, vlan_id, ipv6, switch_id) values (345, 'mrollins9k', 124, 3593, 'f2d4:2d0f:5b8f:2289:2bae:e452:f5d9:95e0/100', 193);
insert into ports (id, interface_name, port, vlan_id, ipv6, switch_id) values (346, 'anewberry9l', 77, 60, '546b:b18d:6ce3:c546:3ab1:2f03:5e3a:40a7/48', 22);
insert into ports (id, interface_name, port, vlan_id, ipv6, switch_id) values (347, 'akleinpeltz9m', 105, 3114, 'b287:44df:154a:c7d1:ae20:3a1c:ff8e:8ea7/17', 196);
insert into ports (id, interface_name, port, vlan_id, ipv6, switch_id) values (348, 'cliptrot9n', 120, 2973, 'bb17:9274:7c2a:34ac:8d10:eb84:7600:ce9e/48', 28);
insert into ports (id, interface_name, port, vlan_id, ipv6, switch_id) values (349, 'lbowery9o', 52, 626, 'bd36:48d6:5ca3:806b:418a:5315:2c76:db11/56', 129);
insert into ports (id, interface_name, port, vlan_id, ipv6, switch_id) values (350, 'bglandfield9p', 59, 1128, 'b157:40eb:bc94:4f4d:7a73:8090:3e36:cc3f/103', 121);
insert into ports (id, interface_name, port, vlan_id, ipv6, switch_id) values (351, 'dhabbijam9q', 50, 89, 'd7ff:a6be:7cc3:adf0:d16e:5f53:a5c7:7abc/52', 57);
insert into ports (id, interface_name, port, vlan_id, ipv6, switch_id) values (352, 'clamberteschi9r', 102, 2097, 'c22a:b1b9:9ed5:64be:8da7:e301:5e53:6ea5/74', 39);
insert into ports (id, interface_name, port, vlan_id, ipv6, switch_id) values (353, 'atamplin9s', 52, 989, '2c1a:2e2e:cb44:ea1b:bd03:2fdf:1c5b:b52d/127', 86);
insert into ports (id, interface_name, port, vlan_id, ipv6, switch_id) values (354, 'mmarien9t', 17, 3134, 'c2ce:424a:e827:1bfa:c0b4:2574:6bde:2941/63', 56);
insert into ports (id, interface_name, port, vlan_id, ipv6, switch_id) values (355, 'wstreeton9u', 106, 2656, 'fc8a:df20:fd02:5015:f402:28cf:9b56:c282/50', 173);
insert into ports (id, interface_name, port, vlan_id, ipv6, switch_id) values (356, 'brenish9v', 30, 2050, '6166:d053:66bb:148e:349e:960f:66be:fc44/89', 54);
insert into ports (id, interface_name, port, vlan_id, ipv6, switch_id) values (357, 'rquadri9w', 53, 3825, '5818:1530:3dad:9b89:b67c:2de5:f51a:4769/55', 148);
insert into ports (id, interface_name, port, vlan_id, ipv6, switch_id) values (358, 'ihayto9x', 43, 3247, '9182:a804:ddca:853f:18e0:d3e0:9e1d:c21a/120', 143);
insert into ports (id, interface_name, port, vlan_id, ipv6, switch_id) values (359, 'rhawkeswood9y', 85, 2196, 'fc4a:f630:62f7:17ab:1271:8c7c:bced:5169/90', 197);
insert into ports (id, interface_name, port, vlan_id, ipv6, switch_id) values (360, 'blindeberg9z', 40, 2383, '1042:b1b2:c6e4:7b15:24bf:9018:c2dd:939d/109', 82);
insert into ports (id, interface_name, port, vlan_id, ipv6, switch_id) values (361, 'fsearsona0', 95, 2258, 'f49c:3991:e206:8a4b:20c3:3c86:a2f0:21ee/21', 193);
insert into ports (id, interface_name, port, vlan_id, ipv6, switch_id) values (362, 'gsnassella1', 118, 1904, '7de0:6ce1:948d:5208:5d33:4538:c221:a848/73', 34);
insert into ports (id, interface_name, port, vlan_id, ipv6, switch_id) values (363, 'jtrudea2', 28, 301, 'a6b3:2930:7a1f:d878:aec8:3cbc:8d45:25e2/103', 32);
insert into ports (id, interface_name, port, vlan_id, ipv6, switch_id) values (364, 'gtollemachea3', 6, 3478, 'f9ee:618d:2de4:23c9:dada:bfe6:975e:e3df/52', 124);
insert into ports (id, interface_name, port, vlan_id, ipv6, switch_id) values (365, 'ezaplea4', 23, 3667, '8e2e:f4b4:566e:d8b3:dc89:6241:7d75:1dd8/95', 163);
insert into ports (id, interface_name, port, vlan_id, ipv6, switch_id) values (366, 'jjakubowicza5', 11, 3011, 'be88:6be6:fa13:73dd:45eb:fffe:f916:af73/112', 158);
insert into ports (id, interface_name, port, vlan_id, ipv6, switch_id) values (367, 'kgilsona6', 101, 2271, 'b5cb:6623:4c23:1874:6765:cb3e:170e:23dd/43', 110);
insert into ports (id, interface_name, port, vlan_id, ipv6, switch_id) values (368, 'sdeverila7', 49, 4080, '3b67:d4eb:a439:a96a:c714:ce7:7896:929d/101', 115);
insert into ports (id, interface_name, port, vlan_id, ipv6, switch_id) values (369, 'hcudwortha8', 90, 416, 'e4cf:b6df:8f49:6239:fcaf:13f3:84f0:b598/61', 58);
insert into ports (id, interface_name, port, vlan_id, ipv6, switch_id) values (370, 'lbolda9', 16, 3965, '815c:2b5b:6304:65e:d111:2af7:d4cb:2d20/59', 10);
insert into ports (id, interface_name, port, vlan_id, ipv6, switch_id) values (371, 'dbourthouloumeaa', 6, 3158, 'a81d:fc4:b19c:9d61:206f:1cb8:21dc:fce2/3', 104);
insert into ports (id, interface_name, port, vlan_id, ipv6, switch_id) values (372, 'btweedellab', 121, 746, '9052:68ce:79ab:3116:982b:49d:44f0:e678/53', 12);
insert into ports (id, interface_name, port, vlan_id, ipv6, switch_id) values (373, 'brumbleac', 108, 259, 'c366:d29b:350a:4581:fded:da35:8b96:8075/24', 134);
insert into ports (id, interface_name, port, vlan_id, ipv6, switch_id) values (374, 'jcammomilead', 46, 1533, '3c:337e:4912:cb3f:bd29:b363:4da2:6a55/59', 13);
insert into ports (id, interface_name, port, vlan_id, ipv6, switch_id) values (375, 'tfaransae', 89, 3126, '65c5:912c:6621:469c:46ab:810c:ac9d:4c78/88', 16);
insert into ports (id, interface_name, port, vlan_id, ipv6, switch_id) values (376, 'tshemmingaf', 50, 96, 'da41:b2f1:599:c731:5ecf:59bc:188c:7676/115', 10);
insert into ports (id, interface_name, port, vlan_id, ipv6, switch_id) values (377, 'bhaggusag', 111, 1146, '70eb:f885:beeb:25bc:b812:b0f9:b894:59f9/21', 54);
insert into ports (id, interface_name, port, vlan_id, ipv6, switch_id) values (378, 'cmissingtonah', 79, 1167, 'af7e:5e13:662b:69aa:6115:d005:a554:39ce/77', 158);
insert into ports (id, interface_name, port, vlan_id, ipv6, switch_id) values (379, 'cdubockai', 9, 3577, 'c7bc:e332:b80:96bc:def5:b1c3:ec13:e76e/85', 153);
insert into ports (id, interface_name, port, vlan_id, ipv6, switch_id) values (380, 'jhatleyaj', 43, 2882, '79a3:eec2:bf35:de91:f54:7f94:593:558b/71', 200);
insert into ports (id, interface_name, port, vlan_id, ipv6, switch_id) values (381, 'kyitzoviczak', 88, 2927, '4b8e:ce34:c8a4:1756:e0a2:8f4a:9dc1:a8b1/114', 150);
insert into ports (id, interface_name, port, vlan_id, ipv6, switch_id) values (382, 'mcutajaral', 33, 1751, '6b76:ac67:125c:dae2:e800:f8e3:9662:522a/75', 134);
insert into ports (id, interface_name, port, vlan_id, ipv6, switch_id) values (383, 'psolaam', 49, 2630, 'b4c9:439a:f1fb:e77c:4c46:54aa:5c0f:cb3f/97', 184);
insert into ports (id, interface_name, port, vlan_id, ipv6, switch_id) values (384, 'cmagauranan', 109, 475, '31dc:b5c:3b9c:6122:9d4a:c1dc:68ad:d7f8/63', 167);
insert into ports (id, interface_name, port, vlan_id, ipv6, switch_id) values (385, 'nmiddleditchao', 39, 3747, 'ff80:e3a7:f2:daf1:8026:a481:3530:c75f/68', 62);
insert into ports (id, interface_name, port, vlan_id, ipv6, switch_id) values (386, 'jrockcliffeap', 110, 2743, '24f3:cc4f:aba5:50e2:d993:ba75:84f0:22d/47', 52);
insert into ports (id, interface_name, port, vlan_id, ipv6, switch_id) values (387, 'hzellneraq', 16, 3351, '2188:14dc:cd1f:c641:ef2d:6387:43a0:734a/79', 108);
insert into ports (id, interface_name, port, vlan_id, ipv6, switch_id) values (388, 'treedayar', 30, 1494, 'a09f:f29b:4881:c6f2:1385:5b30:f64a:5052/30', 22);
insert into ports (id, interface_name, port, vlan_id, ipv6, switch_id) values (389, 'aconninghamas', 121, 2755, 'febc:2b6:91cf:7bfd:221:2991:526c:6fe0/27', 53);
insert into ports (id, interface_name, port, vlan_id, ipv6, switch_id) values (390, 'cskogginsat', 3, 3767, '7aa3:8987:9226:c26:f527:30f7:d0be:4893/107', 21);
insert into ports (id, interface_name, port, vlan_id, ipv6, switch_id) values (391, 'fblanqueau', 63, 1975, '362d:2120:636f:8b1:c294:f55a:cbbe:5763/74', 83);
insert into ports (id, interface_name, port, vlan_id, ipv6, switch_id) values (392, 'ddungayav', 105, 1157, 'c34b:28d9:dae:31f2:c20f:d942:5918:7a94/34', 87);
insert into ports (id, interface_name, port, vlan_id, ipv6, switch_id) values (393, 'dmoutrayreadaw', 87, 3477, '26ed:f48f:8224:4364:d8f8:ab57:9a39:fcf6/54', 174);
insert into ports (id, interface_name, port, vlan_id, ipv6, switch_id) values (394, 'emanwaringax', 102, 2988, '915:bbdc:e580:6be7:8792:eae:763f:5159/37', 110);
insert into ports (id, interface_name, port, vlan_id, ipv6, switch_id) values (395, 'mpetrosianay', 63, 3286, '12ad:1d84:abf1:489d:bb65:d05d:b57f:9e97/49', 171);
insert into ports (id, interface_name, port, vlan_id, ipv6, switch_id) values (396, 'dsauraz', 94, 2041, '63:8c6d:ab25:de13:2e61:1ff:afc:156b/96', 48);
insert into ports (id, interface_name, port, vlan_id, ipv6, switch_id) values (397, 'crowlinsonb0', 63, 1083, '4be9:7dc8:ef91:c495:b8d4:42c9:6b94:ec78/12', 194);
insert into ports (id, interface_name, port, vlan_id, ipv6, switch_id) values (398, 'jsydenhamb1', 128, 1850, 'd0e9:b058:6bc6:fb0f:ca50:c508:5543:fec2/13', 111);
insert into ports (id, interface_name, port, vlan_id, ipv6, switch_id) values (399, 'dmcrobbieb2', 30, 997, '2f5f:1af2:c232:7819:d712:3875:cacc:b9ea/84', 180);
insert into ports (id, interface_name, port, vlan_id, ipv6, switch_id) values (400, 'nmesserb3', 37, 2827, '8ed9:7499:2807:4918:74e2:e90a:3d58:77fb/21', 33);
insert into ports (id, interface_name, port, vlan_id, ipv6, switch_id) values (401, 'rbartalotb4', 60, 196, '8b4d:5dcd:cfdd:8315:9a11:8ab9:89f4:d387/75', 45);
insert into ports (id, interface_name, port, vlan_id, ipv6, switch_id) values (402, 'wdeplacidob5', 76, 1410, 'f2ed:fc97:bdc7:f6d0:1c0a:39a9:6fd3:cacf/86', 93);
insert into ports (id, interface_name, port, vlan_id, ipv6, switch_id) values (403, 'cmilneb6', 62, 4079, 'c3e3:eff5:fa89:266d:7346:6c0e:11a0:9eb7/51', 120);
insert into ports (id, interface_name, port, vlan_id, ipv6, switch_id) values (404, 'syakovitchb7', 100, 757, 'de7:2339:d45d:2ba1:ea5b:f441:22ec:b665/89', 195);
insert into ports (id, interface_name, port, vlan_id, ipv6, switch_id) values (405, 'rbaxillb8', 102, 516, 'afb7:453f:29c0:1fcb:8d91:6068:7cb1:f418/13', 191);
insert into ports (id, interface_name, port, vlan_id, ipv6, switch_id) values (406, 'edyersonb9', 71, 543, 'c0b4:4f5e:9387:7831:57c1:f872:4ef3:192e/100', 62);
insert into ports (id, interface_name, port, vlan_id, ipv6, switch_id) values (407, 'dcarlinoba', 97, 3991, '893b:78b3:6b31:7c76:dc92:a10:b56d:8031/108', 52);
insert into ports (id, interface_name, port, vlan_id, ipv6, switch_id) values (408, 'mgilardibb', 76, 3162, 'e003:dd65:793a:f698:f837:ea8f:22ad:fc73/94', 5);
insert into ports (id, interface_name, port, vlan_id, ipv6, switch_id) values (409, 'fchampneybc', 13, 1215, '8be7:9252:e171:8e23:d23d:7452:b74f:ec54/55', 185);
insert into ports (id, interface_name, port, vlan_id, ipv6, switch_id) values (410, 'bdilworthbd', 37, 2069, '5d36:39c3:8ded:efbb:2c46:994e:2979:a750/3', 135);
insert into ports (id, interface_name, port, vlan_id, ipv6, switch_id) values (411, 'mruppelibe', 68, 1631, '87bb:b822:5e4b:7d6e:5c4e:57d6:cf2e:19ca/67', 38);
insert into ports (id, interface_name, port, vlan_id, ipv6, switch_id) values (412, 'tlockheadbf', 15, 1996, 'deba:48aa:5a83:774b:65da:7322:f103:ad62/51', 172);
insert into ports (id, interface_name, port, vlan_id, ipv6, switch_id) values (413, 'jsimenelbg', 6, 3444, '25e0:5179:fde8:3e8a:1a18:cb1f:3a93:a061/64', 72);
insert into ports (id, interface_name, port, vlan_id, ipv6, switch_id) values (414, 'ttomczakbh', 45, 3623, '9eca:d5f8:d30f:c5d6:43bd:72af:a8cb:a781/55', 40);
insert into ports (id, interface_name, port, vlan_id, ipv6, switch_id) values (415, 'wmingaudbi', 42, 284, '89d8:3b36:f40b:e565:85bb:3315:991:63bc/120', 184);
insert into ports (id, interface_name, port, vlan_id, ipv6, switch_id) values (416, 'lmcmenaminbj', 7, 1493, '1c36:8eae:e654:e3bd:ba3:8551:42d7:42a0/4', 136);
insert into ports (id, interface_name, port, vlan_id, ipv6, switch_id) values (417, 'udulakebk', 51, 545, '18eb:d778:f70c:7f7f:94b6:f744:49fe:1219/20', 14);
insert into ports (id, interface_name, port, vlan_id, ipv6, switch_id) values (418, 'pdignonbl', 73, 2224, '6659:cd59:edd1:f161:2980:2c0d:f82:32a6/32', 20);
insert into ports (id, interface_name, port, vlan_id, ipv6, switch_id) values (419, 'mrochebm', 4, 3597, 'cdd4:d71f:b53b:f9b2:129a:592b:f334:4ea6/122', 110);
insert into ports (id, interface_name, port, vlan_id, ipv6, switch_id) values (420, 'dcoggellbn', 85, 971, 'e962:3de4:198a:5e35:e375:852d:54f7:24cf/74', 14);
insert into ports (id, interface_name, port, vlan_id, ipv6, switch_id) values (421, 'mdefondbo', 84, 3374, '49ae:35f1:3efc:dd6b:40c3:ff44:cea2:360e/58', 74);
insert into ports (id, interface_name, port, vlan_id, ipv6, switch_id) values (422, 'rlanchberrybp', 82, 2709, '2a86:383:129c:f045:790c:de15:eb6b:5eb4/121', 168);
insert into ports (id, interface_name, port, vlan_id, ipv6, switch_id) values (423, 'thorrellbq', 4, 644, '7b84:90e:20b2:5cec:4319:653b:e77b:1fd0/115', 30);
insert into ports (id, interface_name, port, vlan_id, ipv6, switch_id) values (424, 'bzuanellibr', 128, 1529, '3b16:7e31:58e9:e7f5:f826:4341:e1f0:cffb/27', 34);
insert into ports (id, interface_name, port, vlan_id, ipv6, switch_id) values (425, 'gstauntonbs', 119, 3350, 'c5b0:aa42:4e09:8661:f0f2:4f32:c45c:750b/64', 8);
insert into ports (id, interface_name, port, vlan_id, ipv6, switch_id) values (426, 'manfussobt', 102, 1355, '69fd:681:e00d:f52e:b502:1ac6:3caf:5600/78', 111);
insert into ports (id, interface_name, port, vlan_id, ipv6, switch_id) values (427, 'tblaberbu', 111, 510, 'd66e:da75:ae2c:fd2a:b92a:a5e1:96eb:9c78/111', 159);
insert into ports (id, interface_name, port, vlan_id, ipv6, switch_id) values (428, 'mazambv', 73, 537, '744b:881d:ccf9:8c05:93a8:d983:5191:731/14', 133);
insert into ports (id, interface_name, port, vlan_id, ipv6, switch_id) values (429, 'mreanybw', 38, 1309, 'efda:39f6:c514:991a:98c5:c43f:5a28:1798/43', 184);
insert into ports (id, interface_name, port, vlan_id, ipv6, switch_id) values (430, 'tbernierbx', 102, 3980, '7f03:635d:7c84:a302:d7e4:7994:6066:168a/70', 131);
insert into ports (id, interface_name, port, vlan_id, ipv6, switch_id) values (431, 'klaffertyby', 109, 1185, 'b734:8054:28a9:385:ef76:d196:12e0:20df/92', 50);
insert into ports (id, interface_name, port, vlan_id, ipv6, switch_id) values (432, 'jcaccavellabz', 92, 3235, '9310:a5ce:9a62:c26e:5a25:96b6:1e86:888b/71', 196);
insert into ports (id, interface_name, port, vlan_id, ipv6, switch_id) values (433, 'bgogayc0', 117, 3387, '8340:3be3:f61d:7f9:852:25ea:36fc:f43f/40', 164);
insert into ports (id, interface_name, port, vlan_id, ipv6, switch_id) values (434, 'dbilovusc1', 76, 2433, '6055:9103:97f9:e09f:cbec:7610:3355:12d5/65', 136);
insert into ports (id, interface_name, port, vlan_id, ipv6, switch_id) values (435, 'bdearnessc2', 24, 2063, '9e0f:822:24d4:d105:d6e4:d170:839d:ca07/74', 71);
insert into ports (id, interface_name, port, vlan_id, ipv6, switch_id) values (436, 'hcudbirdc3', 75, 40, 'bcfb:63a6:fc7f:12e9:6c1e:5486:3922:7f6e/107', 29);
insert into ports (id, interface_name, port, vlan_id, ipv6, switch_id) values (437, 'sshayesc4', 51, 707, '503f:31d:635f:3dc4:319b:8cd4:beb0:9258/62', 79);
insert into ports (id, interface_name, port, vlan_id, ipv6, switch_id) values (438, 'fohearnc5', 90, 3208, '9502:757c:23e3:3b31:1228:b5e2:2606:f4b3/13', 192);
insert into ports (id, interface_name, port, vlan_id, ipv6, switch_id) values (439, 'pmcneachtainc6', 107, 1516, '82ce:d52e:fe89:83fb:d3ba:8a9d:5d46:9b2a/94', 147);
insert into ports (id, interface_name, port, vlan_id, ipv6, switch_id) values (440, 'africkec7', 40, 1712, '61da:6426:3b86:22ed:780b:2cb5:a0f3:e299/53', 99);
insert into ports (id, interface_name, port, vlan_id, ipv6, switch_id) values (441, 'jbunchc8', 32, 3530, 'e6df:871e:efb4:68ed:cc6b:d86:925c:2c03/21', 161);
insert into ports (id, interface_name, port, vlan_id, ipv6, switch_id) values (442, 'ckupisc9', 108, 2012, 'ecb6:f1c6:e92b:84fd:2a75:63d0:d8a:1db8/4', 157);
insert into ports (id, interface_name, port, vlan_id, ipv6, switch_id) values (443, 'skeohaneca', 17, 930, '8197:7985:62a8:b613:1334:281b:c6f5:3f15/104', 67);
insert into ports (id, interface_name, port, vlan_id, ipv6, switch_id) values (444, 'cmabbcb', 115, 1465, '9e25:9065:ba76:4ea7:cdee:f7f6:cf94:1ad7/31', 50);
insert into ports (id, interface_name, port, vlan_id, ipv6, switch_id) values (445, 'blapiduscc', 75, 1829, '670c:e753:66db:f46:b5ec:44bd:c051:1c2b/3', 156);
insert into ports (id, interface_name, port, vlan_id, ipv6, switch_id) values (446, 'awoodthorpecd', 11, 2354, '9113:b349:160e:820f:d017:989a:4d89:841a/102', 65);
insert into ports (id, interface_name, port, vlan_id, ipv6, switch_id) values (447, 'nmaplece', 50, 1342, '39c3:de8d:1981:79d7:a0af:1318:2818:75a0/34', 6);
insert into ports (id, interface_name, port, vlan_id, ipv6, switch_id) values (448, 'moglescf', 81, 2538, 'abca:e69c:9832:cc33:cca5:f59d:6ee3:7904/46', 98);
insert into ports (id, interface_name, port, vlan_id, ipv6, switch_id) values (449, 'tchorltoncg', 14, 2708, '94c6:cc1d:73bd:1ce:d514:95eb:fa8a:6df7/5', 162);
insert into ports (id, interface_name, port, vlan_id, ipv6, switch_id) values (450, 'cquaylech', 85, 81, '8ccf:35a1:49ef:fe2a:249a:8e7:bf5c:5d4c/92', 176);
insert into ports (id, interface_name, port, vlan_id, ipv6, switch_id) values (451, 'sgolledgeci', 109, 3289, '304d:3434:7b54:91fb:623a:f3f7:c925:b0a5/97', 178);
insert into ports (id, interface_name, port, vlan_id, ipv6, switch_id) values (452, 'lwadworthcj', 62, 460, 'ab4a:92bc:1557:2c06:56b1:3c99:e1b9:c501/45', 83);
insert into ports (id, interface_name, port, vlan_id, ipv6, switch_id) values (453, 'nlebondck', 20, 3769, 'b947:53a8:c350:832b:daf6:859a:b998:ad56/47', 166);
insert into ports (id, interface_name, port, vlan_id, ipv6, switch_id) values (454, 'agavagancl', 19, 2550, '2821:db00:90a2:3a6f:f326:2f52:e94b:ebe7/21', 62);
insert into ports (id, interface_name, port, vlan_id, ipv6, switch_id) values (455, 'crobardetcm', 54, 665, 'e40c:7abb:6047:3896:766d:33c1:26dc:bb36/23', 142);
insert into ports (id, interface_name, port, vlan_id, ipv6, switch_id) values (456, 'rpenleycn', 99, 411, '1143:a89b:a816:8567:7f76:9b13:143d:ff57/69', 52);
insert into ports (id, interface_name, port, vlan_id, ipv6, switch_id) values (457, 'nholliarco', 60, 2763, '4bfe:d84c:cea4:5055:21ab:2dc3:660c:d2c3/127', 167);
insert into ports (id, interface_name, port, vlan_id, ipv6, switch_id) values (458, 'amatthensencp', 43, 74, 'dc80:140c:3ac1:be0e:8bfb:7419:e2e6:e128/122', 164);
insert into ports (id, interface_name, port, vlan_id, ipv6, switch_id) values (459, 'tbrattellcq', 99, 947, 'd4a6:631e:1269:84fe:e294:2bfc:5401:4d31/96', 173);
insert into ports (id, interface_name, port, vlan_id, ipv6, switch_id) values (460, 'lblundincr', 92, 1551, '3b9d:877:7a43:6707:7bd1:55da:5c67:7d57/29', 127);
insert into ports (id, interface_name, port, vlan_id, ipv6, switch_id) values (461, 'hfaierscs', 29, 3449, '84ab:ee1b:e95d:b5c7:4d98:3f39:128:d590/127', 48);
insert into ports (id, interface_name, port, vlan_id, ipv6, switch_id) values (462, 'fteesct', 79, 1397, 'af9b:1e1:53b7:1dfd:de98:32ae:5ba7:b62f/109', 163);
insert into ports (id, interface_name, port, vlan_id, ipv6, switch_id) values (463, 'obodessoncu', 98, 112, 'ec6d:40e7:3d2f:9b5c:1e05:659c:849:5809/57', 23);
insert into ports (id, interface_name, port, vlan_id, ipv6, switch_id) values (464, 'mmurricanescv', 16, 4043, '8d1e:127c:874c:5035:d3a:d21f:f82a:e393/125', 133);
insert into ports (id, interface_name, port, vlan_id, ipv6, switch_id) values (465, 'dlaffordcw', 47, 1618, 'd2a1:b899:c7c:ed1d:de56:8037:f8c:2578/53', 56);
insert into ports (id, interface_name, port, vlan_id, ipv6, switch_id) values (466, 'rbasnettcx', 49, 2575, '1e1b:24a:d4ea:1ff:6035:4c46:2d3:f13b/53', 121);
insert into ports (id, interface_name, port, vlan_id, ipv6, switch_id) values (467, 'aleathleycy', 93, 1952, 'f9da:f0b3:61e8:6555:8019:848f:bc45:91cc/88', 74);
insert into ports (id, interface_name, port, vlan_id, ipv6, switch_id) values (468, 'istormescz', 9, 2735, 'a9c7:5340:7b70:a32c:238c:5b2:4a46:29ca/46', 23);
insert into ports (id, interface_name, port, vlan_id, ipv6, switch_id) values (469, 'kscollickd0', 61, 376, '1251:878d:579a:3230:99cc:50c6:5caa:9db3/73', 6);
insert into ports (id, interface_name, port, vlan_id, ipv6, switch_id) values (470, 'avasiljevicd1', 125, 2891, '6961:a7a1:440c:7534:771c:5099:7f0f:88a1/74', 1);
insert into ports (id, interface_name, port, vlan_id, ipv6, switch_id) values (471, 'nbygated2', 95, 1170, 'cf6b:eb12:9b0d:687a:efb7:d57d:4ec4:d3bb/127', 134);
insert into ports (id, interface_name, port, vlan_id, ipv6, switch_id) values (472, 'daronsd3', 11, 3967, 'a021:f2e5:2736:1446:b4ad:f49b:a716:3d7f/109', 95);
insert into ports (id, interface_name, port, vlan_id, ipv6, switch_id) values (473, 'srameauxd4', 45, 3876, 'e849:6020:2c51:1d46:c735:9a06:6561:5b3b/39', 183);
insert into ports (id, interface_name, port, vlan_id, ipv6, switch_id) values (474, 'spantlingd5', 123, 3671, '5a60:ff5c:a177:68c1:e2a0:21ef:75f6:69d4/11', 119);
insert into ports (id, interface_name, port, vlan_id, ipv6, switch_id) values (475, 'ptakled6', 34, 152, '9fa:f049:7838:a59f:f5c3:2194:3493:91a2/58', 63);
insert into ports (id, interface_name, port, vlan_id, ipv6, switch_id) values (476, 'tmccathyd7', 126, 1641, 'e4bf:d5f4:a98e:1333:ff5e:a6ab:ee38:5a0f/72', 35);
insert into ports (id, interface_name, port, vlan_id, ipv6, switch_id) values (477, 'tdullardd8', 126, 2056, '1577:91be:906f:a4f4:31c7:4506:6c4b:ccbc/100', 111);
insert into ports (id, interface_name, port, vlan_id, ipv6, switch_id) values (478, 'pkilband9', 85, 3739, '35b:44f8:a71f:2a4b:e002:ebf5:7985:3f3b/1', 7);
insert into ports (id, interface_name, port, vlan_id, ipv6, switch_id) values (479, 'ebygroveda', 51, 2681, '8019:3b3d:c6fd:a338:30ee:67b6:700d:1c5f/49', 196);
insert into ports (id, interface_name, port, vlan_id, ipv6, switch_id) values (480, 'zjankindb', 82, 1960, 'cde6:2cb2:f9a3:d396:94cb:19c7:a1dd:5073/106', 102);
insert into ports (id, interface_name, port, vlan_id, ipv6, switch_id) values (481, 'cringedc', 36, 2606, 'b20:44f8:c3dc:d03a:fc8a:a181:d30:949e/112', 38);
insert into ports (id, interface_name, port, vlan_id, ipv6, switch_id) values (482, 'scanteradd', 61, 3533, '72d5:eada:8246:afcd:2b6a:e62:dc18:1dcc/94', 10);
insert into ports (id, interface_name, port, vlan_id, ipv6, switch_id) values (483, 'ecopnerde', 82, 1674, 'ca:7734:ba8f:2877:d3d3:1c40:e23:f103/112', 181);
insert into ports (id, interface_name, port, vlan_id, ipv6, switch_id) values (484, 'hbykdf', 50, 1680, '1e18:9efb:abfe:d575:5b6e:7aef:99ce:240b/51', 128);
insert into ports (id, interface_name, port, vlan_id, ipv6, switch_id) values (485, 'bioandg', 87, 1256, '8ac1:907d:e6bd:bd50:6753:8891:2b89:63c3/99', 161);
insert into ports (id, interface_name, port, vlan_id, ipv6, switch_id) values (486, 'ezackdh', 5, 1596, 'dc5f:602f:d26:ce98:2a5b:ee84:636c:2723/81', 134);
insert into ports (id, interface_name, port, vlan_id, ipv6, switch_id) values (487, 'aobriandi', 83, 3872, '81f5:3e53:67fc:616b:162f:7016:bdb0:9881/43', 105);
insert into ports (id, interface_name, port, vlan_id, ipv6, switch_id) values (488, 'srosseydj', 24, 2146, '4c82:1845:77a6:4362:d799:c265:a99d:34f/100', 85);
insert into ports (id, interface_name, port, vlan_id, ipv6, switch_id) values (489, 'wcrawleydk', 98, 3227, '43f8:4b23:f0e0:cdcf:15ea:f333:d75:3355/124', 8);
insert into ports (id, interface_name, port, vlan_id, ipv6, switch_id) values (490, 'tburnhamsdl', 3, 2177, 'b95c:b77a:81b1:f46c:2694:610f:e059:bd33/59', 131);
insert into ports (id, interface_name, port, vlan_id, ipv6, switch_id) values (491, 'tmasarratdm', 118, 2114, 'e8bf:e5dd:9ae2:e681:20d4:7c44:f56e:bf1e/83', 31);
insert into ports (id, interface_name, port, vlan_id, ipv6, switch_id) values (492, 'kivinsdn', 58, 1149, 'b971:89f4:4d90:4a40:6614:3a2c:a4b6:8a5b/98', 14);
insert into ports (id, interface_name, port, vlan_id, ipv6, switch_id) values (493, 'hsherreddo', 113, 2961, '99ab:fc4b:c764:e99f:4601:ae08:405:73d2/66', 102);
insert into ports (id, interface_name, port, vlan_id, ipv6, switch_id) values (494, 'jchecklindp', 23, 1512, '2a08:a671:ab00:9648:6893:69ac:8773:a08b/45', 138);
insert into ports (id, interface_name, port, vlan_id, ipv6, switch_id) values (495, 'elaethamdq', 85, 352, '6877:8311:921e:361f:232b:a980:f85a:1141/108', 198);
insert into ports (id, interface_name, port, vlan_id, ipv6, switch_id) values (496, 'cbullusdr', 53, 1422, '30b8:4733:468a:3d8c:c6d7:ea20:620e:4481/71', 89);
insert into ports (id, interface_name, port, vlan_id, ipv6, switch_id) values (497, 'wboagds', 126, 1045, '667:f109:f438:9d55:bfce:c7b2:191:ed7a/110', 30);
insert into ports (id, interface_name, port, vlan_id, ipv6, switch_id) values (498, 'jdaunaydt', 8, 3476, 'c4e9:b8d0:72a1:f30:846:98b8:a921:307f/9', 135);
insert into ports (id, interface_name, port, vlan_id, ipv6, switch_id) values (499, 'mchyuertondu', 2, 3967, 'd2df:e371:1dc4:dd95:6377:2f4c:ff0c:1f72/60', 129);
insert into ports (id, interface_name, port, vlan_id, ipv6, switch_id) values (500, 'mgannawaydv', 56, 1621, '16fb:aa84:37b8:c2d7:5eb7:1897:28de:779d/108', 115);
insert into ports (id, interface_name, port, vlan_id, ipv6, switch_id) values (501, 'cnasseydw', 76, 1741, 'b45a:a62b:8630:e4cf:2ddd:9abd:55c3:8bb1/11', 71);
insert into ports (id, interface_name, port, vlan_id, ipv6, switch_id) values (502, 'bhadkinsdx', 128, 3799, 'c558:eb16:e777:87e:b667:184a:a8e7:f0bb/62', 83);
insert into ports (id, interface_name, port, vlan_id, ipv6, switch_id) values (503, 'cbeavondy', 74, 862, '1f3e:e89d:ab9:6b1b:6ce4:4680:e058:723e/39', 195);
insert into ports (id, interface_name, port, vlan_id, ipv6, switch_id) values (504, 'lmcinnesdz', 63, 3743, '2947:9b83:8b38:4131:b5b9:29ab:4690:4ff5/34', 131);
insert into ports (id, interface_name, port, vlan_id, ipv6, switch_id) values (505, 'cbrasse0', 122, 2623, '813f:aeb6:89a5:3f3c:81ed:3695:2613:8f74/56', 112);
insert into ports (id, interface_name, port, vlan_id, ipv6, switch_id) values (506, 'tgatline1', 64, 520, '8f5f:161d:f7e2:27ba:9c7:95ee:8147:342e/70', 114);
insert into ports (id, interface_name, port, vlan_id, ipv6, switch_id) values (507, 'jdowe2', 104, 1479, '54cf:71b1:cb8d:8815:93f9:84f5:c72c:f798/50', 178);
insert into ports (id, interface_name, port, vlan_id, ipv6, switch_id) values (508, 'mshanahane3', 5, 3901, 'ed8c:800b:1b65:4445:8d45:6ec3:8719:d7c9/94', 88);
insert into ports (id, interface_name, port, vlan_id, ipv6, switch_id) values (509, 'cturevillee4', 36, 1510, 'e4be:36dd:b73e:1768:1529:c056:dbd8:d265/27', 129);
insert into ports (id, interface_name, port, vlan_id, ipv6, switch_id) values (510, 'mgiovannillie5', 78, 1119, '638c:809:e13d:82a:95a8:2dbe:a3c9:5029/21', 68);
insert into ports (id, interface_name, port, vlan_id, ipv6, switch_id) values (511, 'afeldfishere6', 13, 292, 'ed8:5dc0:b121:d024:6154:81ea:54c0:ea10/29', 95);
insert into ports (id, interface_name, port, vlan_id, ipv6, switch_id) values (512, 'mcadmane7', 18, 1578, 'a034:8804:753d:76ed:bda2:cf7d:473e:4473/80', 171);
insert into ports (id, interface_name, port, vlan_id, ipv6, switch_id) values (513, 'aandraude8', 91, 3257, '541c:237b:96d4:3874:b427:5bcc:1004:5f10/33', 183);
insert into ports (id, interface_name, port, vlan_id, ipv6, switch_id) values (514, 'cmcphersone9', 3, 303, '607f:e652:856d:52f5:53ce:4111:1caf:f939/125', 95);
insert into ports (id, interface_name, port, vlan_id, ipv6, switch_id) values (515, 'aferrieroiea', 104, 3105, '17e7:12b0:3057:c840:79d5:e707:1e76:5f15/102', 177);
insert into ports (id, interface_name, port, vlan_id, ipv6, switch_id) values (516, 'aivonseb', 95, 2611, '4e6b:1587:a43e:13b6:43f3:13db:15d0:69b7/74', 82);
insert into ports (id, interface_name, port, vlan_id, ipv6, switch_id) values (517, 'lmcgregorec', 2, 127, 'b461:3162:5102:8634:bb19:5fb8:b8d4:847e/47', 107);
insert into ports (id, interface_name, port, vlan_id, ipv6, switch_id) values (518, 'bskelloned', 51, 363, '252c:2551:f80a:7995:6377:acd3:66d6:7037/106', 100);
insert into ports (id, interface_name, port, vlan_id, ipv6, switch_id) values (519, 'tkubyszekee', 53, 58, '9c96:2c07:e9bf:aa4e:e187:6633:d446:86fe/102', 125);
insert into ports (id, interface_name, port, vlan_id, ipv6, switch_id) values (520, 'aallsuppef', 114, 767, '9c0e:5a3a:18f0:4774:b546:696f:b87e:58f4/48', 61);
insert into ports (id, interface_name, port, vlan_id, ipv6, switch_id) values (521, 'jbazireeg', 34, 1482, '2801:616f:a12a:86d6:f5e4:a62b:524e:50c2/97', 7);
insert into ports (id, interface_name, port, vlan_id, ipv6, switch_id) values (522, 'dbodicameh', 85, 3257, 'd320:2ca:c69b:5b83:ad6e:395d:1aa1:2956/56', 174);
insert into ports (id, interface_name, port, vlan_id, ipv6, switch_id) values (523, 'ccroisdallei', 45, 3209, '7055:bb62:359c:79da:bdbc:98b5:f08b:d46a/109', 133);
insert into ports (id, interface_name, port, vlan_id, ipv6, switch_id) values (524, 'gbydawayej', 15, 3752, '160a:960a:7515:4610:5292:8659:d74c:2a9f/124', 71);
insert into ports (id, interface_name, port, vlan_id, ipv6, switch_id) values (525, 'pmccallisterek', 60, 617, '268b:ae0b:67af:8288:4462:9f09:69a0:2c0d/35', 4);
insert into ports (id, interface_name, port, vlan_id, ipv6, switch_id) values (526, 'wmcconnalel', 97, 3329, 'cc26:751e:83c9:6fb0:688c:afed:a539:f30a/18', 119);
insert into ports (id, interface_name, port, vlan_id, ipv6, switch_id) values (527, 'rrogerotem', 25, 2940, '8a5b:6f47:ec64:77ae:a81e:b80:a218:307b/108', 124);
insert into ports (id, interface_name, port, vlan_id, ipv6, switch_id) values (528, 'neberdten', 52, 3364, '16b1:2ae6:3e33:6349:319d:4c84:f34d:ddd3/54', 26);
insert into ports (id, interface_name, port, vlan_id, ipv6, switch_id) values (529, 'sbewlieeo', 111, 3282, 'ad11:d681:b50:eb99:928e:7cb8:bdc9:18a6/52', 21);
insert into ports (id, interface_name, port, vlan_id, ipv6, switch_id) values (530, 'fjoyesep', 126, 2554, 'f59:4a0e:a2e4:10a9:68f7:9fd6:4084:f9f/116', 59);
insert into ports (id, interface_name, port, vlan_id, ipv6, switch_id) values (531, 'jklezmskieq', 113, 1500, '699c:fb01:cd6f:359e:ede:b0c9:e174:1d6d/52', 97);
insert into ports (id, interface_name, port, vlan_id, ipv6, switch_id) values (532, 'ecantriller', 104, 3701, 'e4aa:790a:f1c7:2c0d:9566:f3ef:c59c:269c/15', 190);
insert into ports (id, interface_name, port, vlan_id, ipv6, switch_id) values (533, 'tbengales', 104, 3399, '3522:be8:4004:d5a5:38e2:88e4:e7a:6cdc/6', 189);
insert into ports (id, interface_name, port, vlan_id, ipv6, switch_id) values (534, 'ckirkamet', 68, 1451, '5a8c:f1f6:470a:fb2f:4dc7:a292:7524:6c0b/21', 7);
insert into ports (id, interface_name, port, vlan_id, ipv6, switch_id) values (535, 'fhayshameu', 13, 4014, '3550:9f2a:5129:efb7:6406:94df:a791:19b5/18', 10);
insert into ports (id, interface_name, port, vlan_id, ipv6, switch_id) values (536, 'lmarklev', 108, 2816, 'e67f:d534:562a:625a:1613:a3df:f84f:d445/29', 141);
insert into ports (id, interface_name, port, vlan_id, ipv6, switch_id) values (537, 'kmacwhanew', 113, 3699, '910f:9567:b08:d858:7745:7eb4:9142:8ce1/97', 51);
insert into ports (id, interface_name, port, vlan_id, ipv6, switch_id) values (538, 'rkirkebyeex', 126, 549, 'ba03:7eb5:7d27:d5b6:9c63:7d1e:c3ce:8598/2', 67);
insert into ports (id, interface_name, port, vlan_id, ipv6, switch_id) values (539, 'fblackwayey', 92, 3715, 'a013:1094:1ab3:8f2a:2a9d:3e04:24b4:cc33/83', 179);
insert into ports (id, interface_name, port, vlan_id, ipv6, switch_id) values (540, 'bcorsorez', 122, 196, 'f089:fa62:e64b:502a:a6:20ea:3848:6ccc/87', 82);
insert into ports (id, interface_name, port, vlan_id, ipv6, switch_id) values (541, 'vmaddinonf0', 126, 2002, '4091:7271:c502:9077:d724:18f5:e932:5f99/69', 94);
insert into ports (id, interface_name, port, vlan_id, ipv6, switch_id) values (542, 'olushf1', 78, 3158, '3be4:c3a9:64f:b741:2d76:c401:8889:326c/42', 91);
insert into ports (id, interface_name, port, vlan_id, ipv6, switch_id) values (543, 'cedmonstonef2', 59, 3863, 'c106:fc59:1730:d2f8:7bb6:9c63:7b93:b6ea/120', 49);
insert into ports (id, interface_name, port, vlan_id, ipv6, switch_id) values (544, 'selliottf3', 90, 1525, '75e3:a193:8b47:c8c3:15dd:3952:c72f:277e/107', 76);
insert into ports (id, interface_name, port, vlan_id, ipv6, switch_id) values (545, 'slacazef4', 103, 2908, 'f881:6e38:62b1:c6af:7073:cf16:2240:e35/17', 99);
insert into ports (id, interface_name, port, vlan_id, ipv6, switch_id) values (546, 'cpenaf5', 18, 3546, 'eb67:8ad5:9243:3660:a67f:ad4a:be5b:82e7/80', 32);
insert into ports (id, interface_name, port, vlan_id, ipv6, switch_id) values (547, 'oandrissf6', 26, 3189, '3545:8d92:21f:5cab:e30c:e2ca:458a:7f12/18', 21);
insert into ports (id, interface_name, port, vlan_id, ipv6, switch_id) values (548, 'tpalliserf7', 110, 1515, '4c07:f185:ae8e:d3e5:af0e:e49a:8615:efda/37', 26);
insert into ports (id, interface_name, port, vlan_id, ipv6, switch_id) values (549, 'rrennelsf8', 3, 1295, '8fb3:dce3:c652:b6ea:8588:687e:8a03:3bc3/112', 28);
insert into ports (id, interface_name, port, vlan_id, ipv6, switch_id) values (550, 'nvamplersf9', 59, 3488, '38e:7d5a:be4a:1e56:df26:f81c:9800:c01c/108', 39);
insert into ports (id, interface_name, port, vlan_id, ipv6, switch_id) values (551, 'loliddyfa', 16, 1550, 'ec51:7874:f4b4:413f:35f8:cd62:73d7:dad1/62', 52);
insert into ports (id, interface_name, port, vlan_id, ipv6, switch_id) values (552, 'ppetscheltfb', 89, 1570, '6517:5596:2c61:a521:e7c1:b60:52c9:7ec/81', 9);
insert into ports (id, interface_name, port, vlan_id, ipv6, switch_id) values (553, 'rdauneyfc', 77, 2705, 'c4fc:a2f8:fc46:384d:2cba:593c:a460:15b/39', 30);
insert into ports (id, interface_name, port, vlan_id, ipv6, switch_id) values (554, 'tmeadowcroftfd', 115, 3575, '5a36:cf18:f0bc:c389:7d81:17cf:17bb:1240/1', 48);
insert into ports (id, interface_name, port, vlan_id, ipv6, switch_id) values (555, 'bcodfe', 82, 4027, '5a10:72e3:2c6f:5907:1dc2:c44f:eee2:2ed1/28', 64);
insert into ports (id, interface_name, port, vlan_id, ipv6, switch_id) values (556, 'irowenff', 12, 2109, '2b9f:a98a:7073:8df0:4070:f1b6:3ce3:6272/91', 17);
insert into ports (id, interface_name, port, vlan_id, ipv6, switch_id) values (557, 'ocastagnofg', 116, 52, 'a1d6:b2f:5dfc:c704:e0c0:bb8c:13c5:4e30/68', 152);
insert into ports (id, interface_name, port, vlan_id, ipv6, switch_id) values (558, 'kquadefh', 106, 2282, 'a31e:855a:fe:edc6:1966:49cf:9adc:6334/35', 114);
insert into ports (id, interface_name, port, vlan_id, ipv6, switch_id) values (559, 'dkeddiefi', 105, 1932, '55c5:3fa1:1e88:436b:62f9:74ec:5be3:dbc1/24', 122);
insert into ports (id, interface_name, port, vlan_id, ipv6, switch_id) values (560, 'cansellfj', 43, 2122, '3d5f:2e90:e2cb:fa0d:75fe:67c8:2987:6a2e/112', 45);
insert into ports (id, interface_name, port, vlan_id, ipv6, switch_id) values (561, 'ffaucettfk', 113, 1873, 'e3:361d:f2dd:5a98:4fc9:ea61:aa09:a866/77', 155);
insert into ports (id, interface_name, port, vlan_id, ipv6, switch_id) values (562, 'kgrasonfl', 96, 1495, 'cb15:6bf6:2abc:85d8:f6fd:ee2f:9df1:9868/121', 164);
insert into ports (id, interface_name, port, vlan_id, ipv6, switch_id) values (563, 'nlynesfm', 24, 733, 'cc44:dcc8:1f91:8488:5b1:1bb1:20b4:cb17/80', 110);
insert into ports (id, interface_name, port, vlan_id, ipv6, switch_id) values (564, 'twaddicorfn', 82, 3568, '2058:4429:1bdd:e7a3:b864:9314:9954:22cf/73', 35);
insert into ports (id, interface_name, port, vlan_id, ipv6, switch_id) values (565, 'wmaylottfo', 44, 2525, 'ffa3:b961:b29:5c7e:a90:f3a0:6681:2f9a/33', 2);
insert into ports (id, interface_name, port, vlan_id, ipv6, switch_id) values (566, 'eledfordfp', 105, 871, 'a17c:27e4:9c70:df83:858c:e851:ddd5:8494/1', 83);
insert into ports (id, interface_name, port, vlan_id, ipv6, switch_id) values (567, 'cweblandfq', 10, 4005, '21bd:cba1:97c0:96ed:681c:fe71:645f:1a54/91', 195);
insert into ports (id, interface_name, port, vlan_id, ipv6, switch_id) values (568, 'msellanfr', 75, 2570, '8102:bf0f:6701:9040:a85e:8e0f:3a8d:8a11/115', 178);
insert into ports (id, interface_name, port, vlan_id, ipv6, switch_id) values (569, 'lstartinfs', 63, 157, 'dfda:2072:4ef5:b7f1:3263:b694:ca9c:8085/56', 60);
insert into ports (id, interface_name, port, vlan_id, ipv6, switch_id) values (570, 'jwinsorft', 43, 1464, 'f7d0:42ef:40b8:6026:82f6:7338:b5c1:3544/76', 62);
insert into ports (id, interface_name, port, vlan_id, ipv6, switch_id) values (571, 'rgossingtonfu', 108, 2338, '2d91:f95b:f32e:612c:720e:dfce:f854:5b8e/97', 98);
insert into ports (id, interface_name, port, vlan_id, ipv6, switch_id) values (572, 'nramsierfv', 30, 3035, 'a4c4:c1df:b041:b25a:3507:4920:5918:8e53/111', 80);
insert into ports (id, interface_name, port, vlan_id, ipv6, switch_id) values (573, 'eskaidfw', 112, 168, '661f:3dc4:9b0f:d5c2:ac70:17af:d624:df5b/59', 163);
insert into ports (id, interface_name, port, vlan_id, ipv6, switch_id) values (574, 'hcracefx', 49, 125, 'de9b:bee7:9bf7:9643:7cc4:6bbb:7999:e5a6/94', 94);
insert into ports (id, interface_name, port, vlan_id, ipv6, switch_id) values (575, 'mdedonfy', 41, 269, '7496:ce03:d740:44e6:5ccb:3507:9a98:7c9e/104', 196);
insert into ports (id, interface_name, port, vlan_id, ipv6, switch_id) values (576, 'mmaffiafz', 1, 2779, 'e7ec:f113:dac8:9be5:dc73:6aab:a782:1ac1/102', 57);
insert into ports (id, interface_name, port, vlan_id, ipv6, switch_id) values (577, 'mdilworthg0', 57, 2467, '3ae3:2433:e1e7:e7a5:d5dc:f8b8:521e:fdd1/45', 55);
insert into ports (id, interface_name, port, vlan_id, ipv6, switch_id) values (578, 'fbraveng1', 121, 1253, 'bb0e:e62b:ef7d:877e:928e:8b88:be4b:3d87/32', 47);
insert into ports (id, interface_name, port, vlan_id, ipv6, switch_id) values (579, 'aganng2', 55, 3697, 'cb89:406:fadb:7640:2d7b:74dc:2b5b:3598/63', 159);
insert into ports (id, interface_name, port, vlan_id, ipv6, switch_id) values (580, 'bstaveg3', 8, 2359, '35f1:cfb1:4dc3:11da:9a08:bf06:9162:dc66/81', 20);
insert into ports (id, interface_name, port, vlan_id, ipv6, switch_id) values (581, 'gmolesg4', 34, 2841, '5df:f64:c5a4:9b9f:df00:5717:c967:7f0a/91', 171);
insert into ports (id, interface_name, port, vlan_id, ipv6, switch_id) values (582, 'wgiacoppog5', 121, 2641, 'eac6:e73a:dd79:118d:c516:7be3:12b5:2a4e/64', 79);
insert into ports (id, interface_name, port, vlan_id, ipv6, switch_id) values (583, 'flittong6', 51, 2936, '4274:df93:32bf:8256:4387:479b:2be6:84fa/3', 56);
insert into ports (id, interface_name, port, vlan_id, ipv6, switch_id) values (584, 'gbroxtong7', 96, 3868, 'dd7f:924d:2dc7:9b8c:b06c:9653:ddd7:285e/40', 103);
insert into ports (id, interface_name, port, vlan_id, ipv6, switch_id) values (585, 'ksutherelg8', 123, 2487, '6f36:d2eb:9d2a:d7a8:f204:bf38:78e2:4292/97', 26);
insert into ports (id, interface_name, port, vlan_id, ipv6, switch_id) values (586, 'aoheaneyg9', 24, 1528, 'a6f7:1908:a46d:e556:73fe:72db:2ea3:e460/2', 49);
insert into ports (id, interface_name, port, vlan_id, ipv6, switch_id) values (587, 'mkidneyga', 61, 1768, 'a495:68b3:5bbf:2569:638d:b119:80dd:ce03/96', 51);
insert into ports (id, interface_name, port, vlan_id, ipv6, switch_id) values (588, 'ehextergb', 126, 376, 'aa95:85a6:82ac:26b4:373d:31c:233a:7f50/96', 187);
insert into ports (id, interface_name, port, vlan_id, ipv6, switch_id) values (589, 'cpeachgc', 20, 2969, 'aa79:b90:c748:d219:5e2e:c4cd:6ca6:98e5/52', 4);
insert into ports (id, interface_name, port, vlan_id, ipv6, switch_id) values (590, 'hmaginotgd', 18, 1045, '4d77:3576:6e1f:d1ef:85bf:1efe:9f71:643d/127', 179);
insert into ports (id, interface_name, port, vlan_id, ipv6, switch_id) values (591, 'bkinneirge', 8, 2840, '5a68:bcdc:ff76:2b54:af5d:e246:896:fa4d/74', 77);
insert into ports (id, interface_name, port, vlan_id, ipv6, switch_id) values (592, 'kklimentyonokgf', 23, 1356, '2840:4668:a540:b531:32e8:ba4b:a149:1fc3/19', 190);
insert into ports (id, interface_name, port, vlan_id, ipv6, switch_id) values (593, 'glassettergg', 103, 3118, '3f92:60a8:7041:4442:5a29:4610:4596:2311/91', 185);
insert into ports (id, interface_name, port, vlan_id, ipv6, switch_id) values (594, 'wpearceygh', 102, 3324, 'c1c5:46f0:3bce:750d:dfff:521b:3fd:6529/78', 56);
insert into ports (id, interface_name, port, vlan_id, ipv6, switch_id) values (595, 'hgummergi', 127, 1098, '5eee:6759:1084:38bb:fa04:1200:3657:d9d5/78', 186);
insert into ports (id, interface_name, port, vlan_id, ipv6, switch_id) values (596, 'sflettgj', 46, 1712, 'fd1c:18ff:ed52:3c77:a511:79d7:2f2:9730/13', 119);
insert into ports (id, interface_name, port, vlan_id, ipv6, switch_id) values (597, 'sdemogeotgk', 120, 2049, '7314:9df3:8840:d586:f391:e95d:2f1d:ce66/81', 168);
insert into ports (id, interface_name, port, vlan_id, ipv6, switch_id) values (598, 'sjeenesgl', 119, 2264, 'bac9:12e4:d9fd:cb72:1500:d884:2a5:4d78/24', 17);
insert into ports (id, interface_name, port, vlan_id, ipv6, switch_id) values (599, 'brudderhamgm', 53, 2715, '9b70:5bc4:9603:f5a0:82ce:540e:a22e:d607/68', 42);
insert into ports (id, interface_name, port, vlan_id, ipv6, switch_id) values (600, 'fhansmanngn', 128, 1320, 'ec1a:ce27:f234:b2b6:4df3:737f:8af6:3a0/82', 164);
insert into ports (id, interface_name, port, vlan_id, ipv6, switch_id) values (601, 'lgookgo', 74, 1180, '8094:e179:aae9:f1fe:5dd3:6002:cc76:b2fa/126', 11);
insert into ports (id, interface_name, port, vlan_id, ipv6, switch_id) values (602, 'asandgp', 28, 3221, 'f5ea:c6c0:e46d:f35:da2c:b5d6:1022:28d2/99', 64);
insert into ports (id, interface_name, port, vlan_id, ipv6, switch_id) values (603, 'hcudihygq', 89, 1696, 'a94:c527:3165:b754:59db:f8db:149:673/14', 127);
insert into ports (id, interface_name, port, vlan_id, ipv6, switch_id) values (604, 'aabbisgr', 60, 3919, 'ccc:2aff:242f:bf9d:a934:fa64:5914:c4e7/22', 30);
insert into ports (id, interface_name, port, vlan_id, ipv6, switch_id) values (605, 'mtoffaninigs', 62, 3466, '6b4f:aad2:ef82:969c:9de8:a1bd:426f:a31c/125', 196);
insert into ports (id, interface_name, port, vlan_id, ipv6, switch_id) values (606, 'aslymegt', 87, 3938, 'efe7:ee6a:2c6f:3d37:a7b:378f:5a4f:6e98/112', 152);
insert into ports (id, interface_name, port, vlan_id, ipv6, switch_id) values (607, 'tfeatherstonhaughgu', 77, 1307, '520b:5f7d:2546:4a00:2574:f6f4:6482:d8a6/88', 163);
insert into ports (id, interface_name, port, vlan_id, ipv6, switch_id) values (608, 'gcarnowgv', 58, 1591, '6196:1c93:707a:72b7:7871:d0f7:942f:357a/86', 122);
insert into ports (id, interface_name, port, vlan_id, ipv6, switch_id) values (609, 'ncallcottgw', 123, 2568, 'd014:7118:4f3:4666:9b10:ad63:c690:b51b/63', 107);
insert into ports (id, interface_name, port, vlan_id, ipv6, switch_id) values (610, 'jmquharggx', 12, 863, 'b1ae:b4a7:b1ea:b7bd:e5d:178:9d64:c1dd/24', 36);
insert into ports (id, interface_name, port, vlan_id, ipv6, switch_id) values (611, 'qbrogdengy', 117, 3122, '1412:7471:fe07:a6f1:90ca:ea16:a75f:3700/52', 18);
insert into ports (id, interface_name, port, vlan_id, ipv6, switch_id) values (612, 'hkoeppegz', 55, 2412, '30e4:72f:dac9:6e57:62b:9600:ac1:5ed1/111', 113);
insert into ports (id, interface_name, port, vlan_id, ipv6, switch_id) values (613, 'jbattailleh0', 102, 3704, '62df:4da5:903d:99b7:9008:40ed:9c32:bee4/83', 17);
insert into ports (id, interface_name, port, vlan_id, ipv6, switch_id) values (614, 'ebehaggh1', 82, 1559, 'd5f3:3518:911f:3e81:7a8d:de3d:ff7a:80df/82', 91);
insert into ports (id, interface_name, port, vlan_id, ipv6, switch_id) values (615, 'tdurlingh2', 33, 3089, '7ed7:a529:f869:73c1:be41:a184:39b9:d00b/111', 104);
insert into ports (id, interface_name, port, vlan_id, ipv6, switch_id) values (616, 'tmiereh3', 85, 2543, '7e61:bf44:cb9f:dd82:cee5:42d:dac8:606d/64', 52);
insert into ports (id, interface_name, port, vlan_id, ipv6, switch_id) values (617, 'cyoellh4', 32, 2932, '4061:a83d:a51a:4599:309a:4052:decf:3dcb/3', 1);
insert into ports (id, interface_name, port, vlan_id, ipv6, switch_id) values (618, 'eternotth5', 35, 2042, '9c64:ca8c:fd43:4811:8924:88d0:2dfa:d514/114', 9);
insert into ports (id, interface_name, port, vlan_id, ipv6, switch_id) values (619, 'byukhnevh6', 88, 3603, 'f7ac:9c77:4bdb:8de6:a08a:2a39:54b1:7618/121', 46);
insert into ports (id, interface_name, port, vlan_id, ipv6, switch_id) values (620, 'ymicheleth7', 79, 24, '705e:d6d8:68d7:921:c68:9bdf:e9e6:6d18/54', 8);
insert into ports (id, interface_name, port, vlan_id, ipv6, switch_id) values (621, 'fstannardh8', 18, 620, '6181:709a:9cd1:c938:74c9:63b5:e3af:c9b/96', 98);
insert into ports (id, interface_name, port, vlan_id, ipv6, switch_id) values (622, 'bscotcherh9', 77, 2560, 'd0a2:9b83:104:ab45:e5ac:1b08:bda8:5d5e/6', 146);
insert into ports (id, interface_name, port, vlan_id, ipv6, switch_id) values (623, 'spysonha', 21, 142, 'a53:6580:1f29:29a6:6b2b:62e7:2b56:8709/123', 43);
insert into ports (id, interface_name, port, vlan_id, ipv6, switch_id) values (624, 'mmurielhb', 62, 2918, 'd8ed:3046:5cc3:864f:9cac:ebd8:83df:5881/116', 157);
insert into ports (id, interface_name, port, vlan_id, ipv6, switch_id) values (625, 'jwhitehairhc', 118, 1043, 'ea15:245d:c94f:f274:a619:d910:64c3:4ccb/112', 200);
insert into ports (id, interface_name, port, vlan_id, ipv6, switch_id) values (626, 'hbeckworthhd', 119, 3857, 'd8bf:3eac:9c09:e8b9:2e2c:f8e3:d25b:d426/39', 6);
insert into ports (id, interface_name, port, vlan_id, ipv6, switch_id) values (627, 'lnorcutthe', 91, 2950, 'ce11:97d2:fc0f:4f3:cc82:3fa4:54af:4978/39', 108);
insert into ports (id, interface_name, port, vlan_id, ipv6, switch_id) values (628, 'emillthorpehf', 45, 3451, 'e74f:d373:e01c:8dce:3d89:1dd2:c72f:fed1/75', 111);
insert into ports (id, interface_name, port, vlan_id, ipv6, switch_id) values (629, 'lpatrickhg', 81, 1651, '66ab:5144:5024:e0fa:3a6e:f984:4478:e663/5', 65);
insert into ports (id, interface_name, port, vlan_id, ipv6, switch_id) values (630, 'gpettingallhh', 109, 2620, '6f4d:c50b:be0b:365f:cb4d:9df4:80d:2e95/46', 37);
insert into ports (id, interface_name, port, vlan_id, ipv6, switch_id) values (631, 'gleckeyhi', 69, 216, 'ce1:f609:a61a:d74c:4d3d:b77:9e87:516f/90', 113);
insert into ports (id, interface_name, port, vlan_id, ipv6, switch_id) values (632, 'jbarizerethj', 24, 3874, '4432:118d:a322:a8d2:6438:911e:8299:516a/90', 128);
insert into ports (id, interface_name, port, vlan_id, ipv6, switch_id) values (633, 'ntinnhk', 41, 2865, '36cb:def1:f312:c5b9:485e:5da5:ca82:81d7/75', 93);
insert into ports (id, interface_name, port, vlan_id, ipv6, switch_id) values (634, 'klawdenhl', 22, 201, 'ebba:6872:181f:88c4:3a18:6936:c303:577d/127', 199);
insert into ports (id, interface_name, port, vlan_id, ipv6, switch_id) values (635, 'sguppiehm', 95, 351, 'f2ce:7aa1:221:b7e8:3b11:a12c:ea5:4aa5/34', 20);
insert into ports (id, interface_name, port, vlan_id, ipv6, switch_id) values (636, 'slenchenkohn', 53, 1010, 'c032:c941:a8a2:74ff:5b40:9a82:9936:feb3/60', 28);
insert into ports (id, interface_name, port, vlan_id, ipv6, switch_id) values (637, 'jmcsherryho', 35, 1213, '2e94:9dc8:9bab:9db7:e802:1e34:7d26:685a/95', 166);
insert into ports (id, interface_name, port, vlan_id, ipv6, switch_id) values (638, 'rpasshp', 106, 982, 'c3ce:42f5:3043:cbea:ca70:2d72:6be0:9408/15', 9);
insert into ports (id, interface_name, port, vlan_id, ipv6, switch_id) values (639, 'epipkinhq', 1, 519, '4724:eb71:da22:bd29:dd88:2fd6:30e3:cb09/76', 176);
insert into ports (id, interface_name, port, vlan_id, ipv6, switch_id) values (640, 'osmullenhr', 79, 2321, '60bb:2063:292d:be27:c158:b62c:45bd:f624/80', 87);
insert into ports (id, interface_name, port, vlan_id, ipv6, switch_id) values (641, 'vgagerhs', 43, 1633, '345b:6bf8:e184:952e:35ec:d9d1:fa10:8432/19', 172);
insert into ports (id, interface_name, port, vlan_id, ipv6, switch_id) values (642, 'rshattockht', 100, 913, 'c1a5:4f13:49a0:8c47:b676:f6f2:3ff:2e52/91', 7);
insert into ports (id, interface_name, port, vlan_id, ipv6, switch_id) values (643, 'simpyhu', 20, 3131, '2ad7:3f7c:adf:91b:9d57:5f4e:3929:d739/57', 55);
insert into ports (id, interface_name, port, vlan_id, ipv6, switch_id) values (644, 'rkeohanehv', 31, 2836, 'a0f7:a9a2:ba66:7157:e16b:c92f:f520:9634/79', 33);
insert into ports (id, interface_name, port, vlan_id, ipv6, switch_id) values (645, 'csenecauxhw', 1, 3963, 'e59b:b40e:317e:e4c9:dd17:e818:da58:b300/62', 42);
insert into ports (id, interface_name, port, vlan_id, ipv6, switch_id) values (646, 'amaleckhx', 124, 1844, 'a5ba:8f34:b52:84c6:5388:32fb:9321:dd5/68', 189);
insert into ports (id, interface_name, port, vlan_id, ipv6, switch_id) values (647, 'sbovishy', 38, 2077, '2c78:f07c:9efd:45ae:451:86df:5568:98f8/103', 104);
insert into ports (id, interface_name, port, vlan_id, ipv6, switch_id) values (648, 'cspittallhz', 119, 3969, '6fcd:8ca3:289e:363f:94bf:251f:fedc:9a9e/92', 24);
insert into ports (id, interface_name, port, vlan_id, ipv6, switch_id) values (649, 'vscholei0', 62, 1164, '69e8:c54:c720:2ba9:8df9:31f1:308f:782c/41', 187);
insert into ports (id, interface_name, port, vlan_id, ipv6, switch_id) values (650, 'ppaffordi1', 80, 3720, '4306:3996:66d0:bca7:6ba5:6095:f4aa:c577/109', 135);
insert into ports (id, interface_name, port, vlan_id, ipv6, switch_id) values (651, 'dpashei2', 33, 863, '15a2:e3a2:9a18:c42:154d:ea75:71c6:c677/120', 30);
insert into ports (id, interface_name, port, vlan_id, ipv6, switch_id) values (652, 'jgaskilli3', 4, 1897, '4ae1:83a0:12b8:786a:8d29:d423:abae:184a/59', 147);
insert into ports (id, interface_name, port, vlan_id, ipv6, switch_id) values (653, 'rdegliantonii4', 28, 1020, 'ce6d:c3f0:f69f:50e0:69e2:9112:5582:792/17', 26);
insert into ports (id, interface_name, port, vlan_id, ipv6, switch_id) values (654, 'bcovielloi5', 116, 1612, '8948:a48f:9eec:956f:ff65:e59c:58d5:20f9/6', 11);
insert into ports (id, interface_name, port, vlan_id, ipv6, switch_id) values (655, 'breglari6', 14, 2910, '1a6c:45f0:bd58:f5da:7c7a:41ce:80a7:fc7a/76', 166);
insert into ports (id, interface_name, port, vlan_id, ipv6, switch_id) values (656, 'helixi7', 57, 747, '9607:7195:dd6e:5f16:9a14:322e:dbf9:4160/106', 65);
insert into ports (id, interface_name, port, vlan_id, ipv6, switch_id) values (657, 'mtrippetti8', 124, 3594, '89b7:d03:77e4:7fe8:fa56:654a:4711:669b/37', 31);
insert into ports (id, interface_name, port, vlan_id, ipv6, switch_id) values (658, 'avogeli9', 121, 2137, '4d1a:feac:c260:c8d8:39d2:31d4:3d27:e2c3/42', 96);
insert into ports (id, interface_name, port, vlan_id, ipv6, switch_id) values (659, 'dpiperleyia', 118, 2569, '429c:a0d9:a3af:a251:6c4:c914:f53a:670a/77', 136);
insert into ports (id, interface_name, port, vlan_id, ipv6, switch_id) values (660, 'mrontschib', 96, 2905, '3399:b7f8:bff3:8439:e9ca:30ab:23d5:8fb6/4', 73);
insert into ports (id, interface_name, port, vlan_id, ipv6, switch_id) values (661, 'egotchic', 57, 3191, '3048:1ea5:5012:de20:4fe8:6844:9c9b:c5b4/124', 127);
insert into ports (id, interface_name, port, vlan_id, ipv6, switch_id) values (662, 'jbedowid', 72, 672, '9f77:bb68:b5fe:b2ba:210:3b5b:d4f9:765e/103', 131);
insert into ports (id, interface_name, port, vlan_id, ipv6, switch_id) values (663, 'lrapleyie', 122, 4090, '5bc8:563e:5132:8f09:f006:4dd6:2284:d7be/108', 6);
insert into ports (id, interface_name, port, vlan_id, ipv6, switch_id) values (664, 'crojaif', 109, 3360, '6617:1b47:28b:7c5a:b89a:e414:bca:7cc/76', 66);
insert into ports (id, interface_name, port, vlan_id, ipv6, switch_id) values (665, 'njarrellig', 65, 3135, 'b76e:deaa:f36c:5ce6:504a:bb56:a22e:348a/20', 182);
insert into ports (id, interface_name, port, vlan_id, ipv6, switch_id) values (666, 'fcorreaih', 125, 4087, 'a6b:cadd:ad0:e97c:eb1f:a843:9c18:52a6/72', 99);
insert into ports (id, interface_name, port, vlan_id, ipv6, switch_id) values (667, 'djansemaii', 54, 854, 'bc22:3f18:7a43:e294:a760:16e6:f50a:aaff/101', 161);
insert into ports (id, interface_name, port, vlan_id, ipv6, switch_id) values (668, 'zimmsij', 111, 3312, '8618:4cbb:ee50:43ca:f338:817c:d02d:8340/40', 174);
insert into ports (id, interface_name, port, vlan_id, ipv6, switch_id) values (669, 'fleggesik', 103, 1275, 'b1c9:7937:d9d1:69f9:7d8c:4ac2:20c2:af6d/125', 165);
insert into ports (id, interface_name, port, vlan_id, ipv6, switch_id) values (670, 'jkerridgeil', 122, 2232, '6de0:84:dd7:4870:5a53:81fc:4bc:35c1/69', 117);
insert into ports (id, interface_name, port, vlan_id, ipv6, switch_id) values (671, 'agummoryim', 17, 3357, '503:87a1:da56:aa35:4089:c915:de1d:7494/65', 138);
insert into ports (id, interface_name, port, vlan_id, ipv6, switch_id) values (672, 'kcoatein', 68, 1680, '93b0:884f:ed82:e5a1:e020:2037:91d7:d305/18', 103);
insert into ports (id, interface_name, port, vlan_id, ipv6, switch_id) values (673, 'lcaterio', 5, 731, '565b:5b69:db21:5451:290b:c5b7:ab6e:72d3/65', 89);
insert into ports (id, interface_name, port, vlan_id, ipv6, switch_id) values (674, 'fklezmskiip', 69, 3168, 'a795:77e7:2670:de0c:8585:d9ae:c4d:a92c/63', 50);
insert into ports (id, interface_name, port, vlan_id, ipv6, switch_id) values (675, 'klosekeiq', 121, 1752, 'cfdc:50b0:a6fa:8389:c6c7:2de5:5905:793d/109', 82);
insert into ports (id, interface_name, port, vlan_id, ipv6, switch_id) values (676, 'erubicair', 49, 2442, 'b8f1:2c8a:dd8e:82b0:6f97:661a:c708:86bf/3', 61);
insert into ports (id, interface_name, port, vlan_id, ipv6, switch_id) values (677, 'skinveris', 32, 1568, '2d51:78b7:da54:d611:6784:aa7b:8d27:d31f/65', 170);
insert into ports (id, interface_name, port, vlan_id, ipv6, switch_id) values (678, 'kdulakeit', 125, 36, '9b71:a523:d3ca:81af:4570:7fb:326d:f516/97', 137);
insert into ports (id, interface_name, port, vlan_id, ipv6, switch_id) values (679, 'sbateyiu', 19, 2108, 'cdd4:8568:8f6b:e6e:10d7:169c:92d6:8d19/33', 157);
insert into ports (id, interface_name, port, vlan_id, ipv6, switch_id) values (680, 'ibruntjeniv', 57, 3610, 'cd3d:d545:b063:5126:cfb:b899:9df9:6b40/46', 175);
insert into ports (id, interface_name, port, vlan_id, ipv6, switch_id) values (681, 'bmcpeiceiw', 91, 411, '4b99:5ec8:f6c8:fe53:e36e:9d2:61e2:5acf/66', 150);
insert into ports (id, interface_name, port, vlan_id, ipv6, switch_id) values (682, 'earmsdenix', 128, 2833, 'f1bb:6c3a:1552:1ba2:a1c7:a043:72d9:63ba/78', 18);
insert into ports (id, interface_name, port, vlan_id, ipv6, switch_id) values (683, 'cpidwelliy', 123, 1832, '7898:3ef8:bdd:feb2:85ed:5d86:1696:e2a1/85', 12);
insert into ports (id, interface_name, port, vlan_id, ipv6, switch_id) values (684, 'skingscoteiz', 30, 1677, '6f2a:8fda:2edf:3080:64e1:8be3:b44:7575/66', 193);
insert into ports (id, interface_name, port, vlan_id, ipv6, switch_id) values (685, 'jbaxstarej0', 5, 1715, '9373:b9bc:e538:94f0:1e6:3bf8:b2cd:7ee0/8', 29);
insert into ports (id, interface_name, port, vlan_id, ipv6, switch_id) values (686, 'jgalbraethj1', 102, 530, 'c8:2e80:6ae8:4efe:5ed1:cf0:e22a:16dc/123', 184);
insert into ports (id, interface_name, port, vlan_id, ipv6, switch_id) values (687, 'abrenardj2', 43, 1348, '3029:6f8e:7100:8ea0:364f:e017:2af7:3eec/33', 162);
insert into ports (id, interface_name, port, vlan_id, ipv6, switch_id) values (688, 'npotterilj3', 32, 1983, '728f:5348:9f73:2f8d:12fe:e5fd:8695:6255/17', 27);
insert into ports (id, interface_name, port, vlan_id, ipv6, switch_id) values (689, 'mellerbyj4', 7, 3812, '79e1:cf22:42f5:5d62:9124:9ec0:db21:c17a/122', 113);
insert into ports (id, interface_name, port, vlan_id, ipv6, switch_id) values (690, 'gclintj5', 33, 1152, '2e74:efa0:6e3d:aaa5:9c8b:641a:4725:67f6/1', 138);
insert into ports (id, interface_name, port, vlan_id, ipv6, switch_id) values (691, 'pgirschj6', 72, 465, '4590:d0bb:560d:acb8:edaf:eea:4114:8f56/124', 3);
insert into ports (id, interface_name, port, vlan_id, ipv6, switch_id) values (692, 'bsandesonj7', 5, 2969, '9b64:8f36:8e3f:8bc0:1df5:7dd5:9db9:d645/126', 12);
insert into ports (id, interface_name, port, vlan_id, ipv6, switch_id) values (693, 'oswainsonj8', 12, 3624, 'b519:4155:f18d:fc4a:c263:3cb5:f489:95c3/35', 102);
insert into ports (id, interface_name, port, vlan_id, ipv6, switch_id) values (694, 'psewleyj9', 59, 1598, '85cf:cfd7:6d97:3883:87ef:cb08:8faf:201e/34', 53);
insert into ports (id, interface_name, port, vlan_id, ipv6, switch_id) values (695, 'pclubbja', 72, 2580, 'a603:ed3e:4210:d205:ebeb:5e81:3290:439c/107', 21);
insert into ports (id, interface_name, port, vlan_id, ipv6, switch_id) values (696, 'garnleyjb', 43, 2235, '9eb8:d038:cc23:5235:4673:61d3:fef4:3a89/54', 121);
insert into ports (id, interface_name, port, vlan_id, ipv6, switch_id) values (697, 'rhollibonejc', 8, 3173, '3a08:35ba:dbe3:7813:9431:1207:9165:8d3f/58', 110);
insert into ports (id, interface_name, port, vlan_id, ipv6, switch_id) values (698, 'mscayjd', 104, 1074, 'e98c:d3ac:de4e:a675:cfe7:7786:68fb:7e05/84', 132);
insert into ports (id, interface_name, port, vlan_id, ipv6, switch_id) values (699, 'ocrowtheje', 65, 3884, '8dcd:7bad:7ff2:63b8:4a29:f8fa:2cc0:8f84/80', 63);
insert into ports (id, interface_name, port, vlan_id, ipv6, switch_id) values (700, 'sgrzesiakjf', 75, 1099, '7d48:1f69:1c32:abeb:3c0b:e3d3:e194:9788/21', 44);
insert into ports (id, interface_name, port, vlan_id, ipv6, switch_id) values (701, 'vbyassjg', 21, 3413, 'b11c:17b7:1e30:aac0:f5b1:ab06:ec8c:6c76/14', 162);
insert into ports (id, interface_name, port, vlan_id, ipv6, switch_id) values (702, 'lpeacheyjh', 61, 2467, '570d:dd62:602e:db6a:3722:ce58:f5b4:6ea0/73', 147);
insert into ports (id, interface_name, port, vlan_id, ipv6, switch_id) values (703, 'jabelovitzji', 56, 2265, 'adab:92fd:4588:1062:6987:81d2:8311:435f/78', 53);
insert into ports (id, interface_name, port, vlan_id, ipv6, switch_id) values (704, 'rcannawayjj', 73, 2277, '18f3:328b:85aa:ef0:fbb0:764b:4985:5608/119', 125);
insert into ports (id, interface_name, port, vlan_id, ipv6, switch_id) values (705, 'ggerrelsjk', 15, 2252, '7c41:aec:2537:bcaa:33cd:ec55:8d43:7b7f/58', 21);
insert into ports (id, interface_name, port, vlan_id, ipv6, switch_id) values (706, 'jscraneyjl', 59, 3443, '27f5:1c23:1380:ef80:20b5:b402:7410:b20a/70', 195);
insert into ports (id, interface_name, port, vlan_id, ipv6, switch_id) values (707, 'kpicklejm', 68, 3116, '1dfc:e6d6:a816:c9d:98c1:e228:eae0:c2e1/80', 4);
insert into ports (id, interface_name, port, vlan_id, ipv6, switch_id) values (708, 'mhaslingjn', 83, 3469, '4eaa:5cc1:b60d:b2c1:4f1f:6516:6f45:602f/77', 5);
insert into ports (id, interface_name, port, vlan_id, ipv6, switch_id) values (709, 'fmartlewjo', 42, 3383, '291d:ccc8:29cf:d637:ee3c:c019:ef8c:786a/57', 21);
insert into ports (id, interface_name, port, vlan_id, ipv6, switch_id) values (710, 'rpargiterjp', 119, 3614, '65af:445b:27d1:69c5:1261:d442:97c3:aca3/23', 17);
insert into ports (id, interface_name, port, vlan_id, ipv6, switch_id) values (711, 'cricardoujq', 53, 4022, '6389:97a6:613e:39:bee2:4225:edc5:b502/2', 138);
insert into ports (id, interface_name, port, vlan_id, ipv6, switch_id) values (712, 'gingermanjr', 71, 2465, 'a83f:3c71:f44b:1093:bb8a:aa6d:657d:3f72/51', 126);
insert into ports (id, interface_name, port, vlan_id, ipv6, switch_id) values (713, 'agillbardjs', 105, 685, '5c7d:515c:386a:fccf:dc11:88c7:b8a0:37dc/43', 39);
insert into ports (id, interface_name, port, vlan_id, ipv6, switch_id) values (714, 'dmalafejt', 61, 2072, 'be46:9c67:9bcd:412:91e2:6b87:8a61:3277/124', 46);
insert into ports (id, interface_name, port, vlan_id, ipv6, switch_id) values (715, 'imoundju', 42, 3484, '49ac:76d1:1987:3e98:3861:8b3:1a74:981c/126', 105);
insert into ports (id, interface_name, port, vlan_id, ipv6, switch_id) values (716, 'lmenaryjv', 63, 3429, '7a37:6807:6f79:464d:3d65:d421:8593:d6a5/61', 198);
insert into ports (id, interface_name, port, vlan_id, ipv6, switch_id) values (717, 'bbraimejw', 26, 807, 'faf3:a197:aa0:3187:3cd7:86f1:657a:e60/60', 94);
insert into ports (id, interface_name, port, vlan_id, ipv6, switch_id) values (718, 'jofogertyjx', 83, 1039, '86df:98c:f33a:9003:44d9:2634:60c9:8046/8', 193);
insert into ports (id, interface_name, port, vlan_id, ipv6, switch_id) values (719, 'sgaltonjy', 84, 398, 'acb2:5cee:9726:df10:f6ae:e52a:ad6:add3/126', 20);
insert into ports (id, interface_name, port, vlan_id, ipv6, switch_id) values (720, 'kzahorjz', 39, 848, '8745:aed0:795d:d867:bda6:9ede:f47c:334f/4', 100);
insert into ports (id, interface_name, port, vlan_id, ipv6, switch_id) values (721, 'dmacgruerk0', 117, 954, 'b11:74f2:7c00:67d7:a98c:3c29:8975:2fe/27', 181);
insert into ports (id, interface_name, port, vlan_id, ipv6, switch_id) values (722, 'aputterillk1', 109, 3651, '1359:4bd6:ec73:dd9e:c090:ca0a:2073:d1fd/93', 82);
insert into ports (id, interface_name, port, vlan_id, ipv6, switch_id) values (723, 'seastupk2', 25, 2229, '753b:8b55:b9ae:99c0:763d:c822:e857:8da1/17', 116);
insert into ports (id, interface_name, port, vlan_id, ipv6, switch_id) values (724, 'pmorehallk3', 46, 2852, '7d54:df55:ac74:3972:9067:24ef:21d0:ce5/121', 4);
insert into ports (id, interface_name, port, vlan_id, ipv6, switch_id) values (725, 'eabbesk4', 10, 857, 'dea6:ab11:ebfe:1aec:3ab8:5f1f:1195:284/80', 166);
insert into ports (id, interface_name, port, vlan_id, ipv6, switch_id) values (726, 'klawiek5', 85, 2143, '236b:8ca0:d39:944b:844f:9974:44c6:201d/84', 197);
insert into ports (id, interface_name, port, vlan_id, ipv6, switch_id) values (727, 'mmunsonk6', 16, 1141, 'af69:9b25:754:4289:988d:49b9:b93c:e5d4/66', 147);
insert into ports (id, interface_name, port, vlan_id, ipv6, switch_id) values (728, 'pgreenstreetk7', 5, 3647, '4fca:e3fa:113b:2711:3292:66e0:7fd5:2e1b/54', 178);
insert into ports (id, interface_name, port, vlan_id, ipv6, switch_id) values (729, 'agullenk8', 123, 1380, 'c964:eed3:3035:2cab:1a4a:244c:eaf5:b864/40', 141);
insert into ports (id, interface_name, port, vlan_id, ipv6, switch_id) values (730, 'salansk9', 74, 3549, '206a:10ad:b516:3457:8ae8:8d17:44bf:129c/117', 151);
insert into ports (id, interface_name, port, vlan_id, ipv6, switch_id) values (731, 'aianittelloka', 89, 3103, 'a323:dd0e:50e4:3ecc:b297:f5cd:c3bf:daca/27', 43);
insert into ports (id, interface_name, port, vlan_id, ipv6, switch_id) values (732, 'tlaughtissekb', 20, 558, '8ba9:be6a:f0d4:7003:5f10:4cd9:1bef:e192/116', 161);
insert into ports (id, interface_name, port, vlan_id, ipv6, switch_id) values (733, 'hspeendenkc', 100, 2146, 'eabc:aca:7d14:9654:5148:3e43:7209:a40a/125', 95);
insert into ports (id, interface_name, port, vlan_id, ipv6, switch_id) values (734, 'mgoingkd', 19, 2361, 'f95:88f4:7836:6689:e014:e80e:52dd:dd14/21', 106);
insert into ports (id, interface_name, port, vlan_id, ipv6, switch_id) values (735, 'kfigginske', 112, 4057, '9141:bdad:6e8f:58c2:7273:d4c3:dfaf:c885/13', 62);
insert into ports (id, interface_name, port, vlan_id, ipv6, switch_id) values (736, 'rhowlettkf', 99, 1763, '184b:7302:6973:235d:af04:f99d:e0ee:2090/109', 54);
insert into ports (id, interface_name, port, vlan_id, ipv6, switch_id) values (737, 'fnielsonkg', 125, 1648, 'c878:9469:94a9:b5c:cb87:951c:63f0:5402/103', 180);
insert into ports (id, interface_name, port, vlan_id, ipv6, switch_id) values (738, 'tkleinsingerkh', 110, 3550, '3c03:fe7c:df3c:cc60:3b04:a374:4b1f:4e53/10', 20);
insert into ports (id, interface_name, port, vlan_id, ipv6, switch_id) values (739, 'alangmeadki', 51, 121, '98b8:e488:cab8:ca43:e815:6c5:6a89:715a/16', 70);
insert into ports (id, interface_name, port, vlan_id, ipv6, switch_id) values (740, 'gbrechinkj', 64, 3903, 'd0f9:f7c1:7e79:f1c1:3ee2:3b6f:6fda:e313/110', 115);
insert into ports (id, interface_name, port, vlan_id, ipv6, switch_id) values (741, 'bfudgerkk', 96, 73, 'e5f1:d2ef:8b0e:f8b5:fa28:cbe2:9732:b341/85', 188);
insert into ports (id, interface_name, port, vlan_id, ipv6, switch_id) values (742, 'dgrafhomkl', 33, 1408, '566b:51a4:61af:341b:cb0c:9993:92f4:74cb/95', 158);
insert into ports (id, interface_name, port, vlan_id, ipv6, switch_id) values (743, 'cpachtkm', 28, 562, '318b:e8f6:bb0b:b255:e4ba:527a:1ed4:775c/23', 140);
insert into ports (id, interface_name, port, vlan_id, ipv6, switch_id) values (744, 'astonuarykn', 115, 3363, '90d3:dedb:4952:bb30:3884:52bf:cd97:7921/47', 73);
insert into ports (id, interface_name, port, vlan_id, ipv6, switch_id) values (745, 'istetlyeko', 19, 1698, '57b2:840e:f4f7:5b42:f517:eecf:4d0a:d401/1', 38);
insert into ports (id, interface_name, port, vlan_id, ipv6, switch_id) values (746, 'onewartkp', 90, 3458, '3bde:d933:ea9c:8952:5096:6b6e:b06f:f642/75', 47);
insert into ports (id, interface_name, port, vlan_id, ipv6, switch_id) values (747, 'ewoodlandskq', 78, 2586, 'e0ca:1364:8f2c:548a:667e:181a:d1f3:f01f/127', 69);
insert into ports (id, interface_name, port, vlan_id, ipv6, switch_id) values (748, 'ballinghamkr', 113, 2944, '265e:6865:d320:2320:ec00:a864:356f:9126/70', 167);
insert into ports (id, interface_name, port, vlan_id, ipv6, switch_id) values (749, 'ggregsonks', 40, 1673, 'f264:5b89:48bc:f4c7:c3d9:2ca3:a028:ab03/33', 78);
insert into ports (id, interface_name, port, vlan_id, ipv6, switch_id) values (750, 'aeckhkt', 54, 3438, 'a151:641e:e1e8:7d90:fd90:6711:4c51:8675/19', 127);
insert into ports (id, interface_name, port, vlan_id, ipv6, switch_id) values (751, 'kgarrettsonku', 13, 3405, 'cc9b:1a32:4a77:9d9b:c202:c43f:f98a:6b85/62', 50);
insert into ports (id, interface_name, port, vlan_id, ipv6, switch_id) values (752, 'swheatcroftkv', 128, 226, '616:3db8:cb51:6bc2:c5f4:dc05:8c6:d80d/30', 40);
insert into ports (id, interface_name, port, vlan_id, ipv6, switch_id) values (753, 'ltolcherkw', 65, 1915, '7713:2ac:afee:77d1:a497:d8d6:22e:ef53/92', 118);
insert into ports (id, interface_name, port, vlan_id, ipv6, switch_id) values (754, 'echislettkx', 17, 2428, 'fe4e:81f9:be84:1db:94de:e6c6:2473:fcdb/62', 21);
insert into ports (id, interface_name, port, vlan_id, ipv6, switch_id) values (755, 'dtoothky', 78, 885, '1b93:e328:fada:2f28:a011:7e28:90a2:9940/105', 139);
insert into ports (id, interface_name, port, vlan_id, ipv6, switch_id) values (756, 'jjanewkz', 117, 4039, '5310:8c98:c50a:53ea:8b1d:b4c7:dd4a:b33/106', 9);
insert into ports (id, interface_name, port, vlan_id, ipv6, switch_id) values (757, 'fstalfl0', 81, 1932, '7139:3c2d:add9:7cd3:d220:dbf7:9382:fcd1/67', 26);
insert into ports (id, interface_name, port, vlan_id, ipv6, switch_id) values (758, 'rharnerl1', 44, 1663, '4d5:eab6:d34:189f:d96f:a03f:6f74:680e/50', 94);
insert into ports (id, interface_name, port, vlan_id, ipv6, switch_id) values (759, 'akopeckal2', 119, 3723, '1354:2332:77c3:e20:4590:a605:d0b8:94ef/2', 164);
insert into ports (id, interface_name, port, vlan_id, ipv6, switch_id) values (760, 'mceaserl3', 104, 1054, '3464:5570:933b:4f96:d141:2605:c355:6d26/58', 167);
insert into ports (id, interface_name, port, vlan_id, ipv6, switch_id) values (761, 'ndenslowl4', 71, 513, '706b:58cb:9062:20d8:2cf:6161:9bb0:aa7f/52', 132);
insert into ports (id, interface_name, port, vlan_id, ipv6, switch_id) values (762, 'cmccleanl5', 104, 700, 'd35b:c3a4:8804:e4dc:f9f8:c13a:17bd:110e/21', 1);
insert into ports (id, interface_name, port, vlan_id, ipv6, switch_id) values (763, 'cbalassil6', 78, 1361, 'c320:d372:6d5e:f19:d522:8227:bea7:4aea/26', 92);
insert into ports (id, interface_name, port, vlan_id, ipv6, switch_id) values (764, 'atokelll7', 68, 3194, '9bb7:4c33:ee43:1d9a:5db8:f2fe:424a:68e4/6', 69);
insert into ports (id, interface_name, port, vlan_id, ipv6, switch_id) values (765, 'jthirskl8', 15, 275, '35b:56ad:e353:f35f:2da9:f23e:16af:28ab/86', 46);
insert into ports (id, interface_name, port, vlan_id, ipv6, switch_id) values (766, 'wgerrenl9', 8, 451, '8a6b:302:75cb:6faf:caa4:e75b:d4de:a9a8/106', 124);
insert into ports (id, interface_name, port, vlan_id, ipv6, switch_id) values (767, 'hbertomieula', 13, 3933, '459a:f3ff:13be:c709:3470:2ec6:376d:7eea/124', 26);
insert into ports (id, interface_name, port, vlan_id, ipv6, switch_id) values (768, 'cmcsherrylb', 21, 1223, '849:f87c:f481:bec1:7e6b:418:c8d1:7918/116', 85);
insert into ports (id, interface_name, port, vlan_id, ipv6, switch_id) values (769, 'jbalelc', 66, 1727, 'd9a4:6fbd:cea2:26d7:25c8:af53:21cc:1112/48', 6);
insert into ports (id, interface_name, port, vlan_id, ipv6, switch_id) values (770, 'balderseald', 37, 2363, 'c37d:4614:fb25:2ecc:89d8:7a89:d1d8:79c5/1', 193);
insert into ports (id, interface_name, port, vlan_id, ipv6, switch_id) values (771, 'liacovacciole', 41, 713, 'bd68:2e8c:985e:ab54:b68a:432c:abcf:a582/93', 177);
insert into ports (id, interface_name, port, vlan_id, ipv6, switch_id) values (772, 'strengrovelf', 104, 3004, '5efb:b418:a6dc:19bf:279e:755a:5219:5dc9/2', 168);
insert into ports (id, interface_name, port, vlan_id, ipv6, switch_id) values (773, 'khassalllg', 65, 3814, 'b1e6:624d:6d2:1f7c:fb89:6325:368f:c0a/116', 200);
insert into ports (id, interface_name, port, vlan_id, ipv6, switch_id) values (774, 'upatterslh', 100, 30, '79f0:e224:d37f:2198:c583:b964:7e96:9d88/3', 200);
insert into ports (id, interface_name, port, vlan_id, ipv6, switch_id) values (775, 'athunnerclefli', 100, 3219, '13ff:babc:75a1:94b:f5a9:1e37:4f33:9d76/21', 170);
insert into ports (id, interface_name, port, vlan_id, ipv6, switch_id) values (776, 'hgabitslj', 79, 1065, '29a1:ef43:10ed:2495:5b90:209b:e53e:b75e/39', 193);
insert into ports (id, interface_name, port, vlan_id, ipv6, switch_id) values (777, 'ithursfieldlk', 48, 604, '1e42:b257:3c9a:d07c:2d27:92ff:44f0:2925/115', 145);
insert into ports (id, interface_name, port, vlan_id, ipv6, switch_id) values (778, 'calessandonell', 66, 2383, '2ad9:ba0c:143a:e090:5a4c:3272:2e2e:e69c/49', 24);
insert into ports (id, interface_name, port, vlan_id, ipv6, switch_id) values (779, 'ndannelllm', 39, 2847, '43c0:3cfe:8ffa:6df0:8c2d:393e:40ad:f66f/98', 199);
insert into ports (id, interface_name, port, vlan_id, ipv6, switch_id) values (780, 'dgemmellln', 81, 3807, 'bcc7:f168:f63:ae4e:9ee3:c52a:43a1:c532/110', 92);
insert into ports (id, interface_name, port, vlan_id, ipv6, switch_id) values (781, 'dhabdenlo', 82, 221, 'c665:39c9:9ade:fb77:c060:e261:cb71:bca9/77', 130);
insert into ports (id, interface_name, port, vlan_id, ipv6, switch_id) values (782, 'rbrounlp', 59, 3502, 'c825:e0f1:bd32:f2b7:bb21:bd87:c7ec:7971/103', 108);
insert into ports (id, interface_name, port, vlan_id, ipv6, switch_id) values (783, 'imountlq', 95, 3346, 'adc5:bab7:348f:2e76:8fcd:d3ec:575:1812/69', 47);
insert into ports (id, interface_name, port, vlan_id, ipv6, switch_id) values (784, 'jbuckelr', 110, 1123, '1375:ac19:4a4e:ff98:b191:7a0c:bdb1:808e/95', 106);
insert into ports (id, interface_name, port, vlan_id, ipv6, switch_id) values (785, 'hhumfreyls', 44, 1130, 'b570:c614:d09f:a0ea:522b:a7b4:d118:c0e6/89', 39);
insert into ports (id, interface_name, port, vlan_id, ipv6, switch_id) values (786, 'aantonazzilt', 30, 1586, 'db85:b12d:6341:ac38:6e3:269b:6938:b1ed/33', 89);
insert into ports (id, interface_name, port, vlan_id, ipv6, switch_id) values (787, 'djohansenlu', 118, 2296, '1cc6:9fdc:2bcf:3fac:794a:9351:83ca:2199/107', 38);
insert into ports (id, interface_name, port, vlan_id, ipv6, switch_id) values (788, 'ldoyleylv', 27, 1467, '947c:9f36:79c9:d8b6:fb62:5739:9075:97fd/69', 166);
insert into ports (id, interface_name, port, vlan_id, ipv6, switch_id) values (789, 'hscogginslw', 56, 3564, '7e9d:b33a:c893:f3f8:34e8:97fc:5fea:d356/63', 157);
insert into ports (id, interface_name, port, vlan_id, ipv6, switch_id) values (790, 'ofarenslx', 123, 1031, '2862:7379:eac4:3a30:906a:1369:e1ba:d0f4/4', 112);
insert into ports (id, interface_name, port, vlan_id, ipv6, switch_id) values (791, 'ufarneyly', 58, 1291, '1fb2:68c7:a13e:e5a9:b8cb:cbfa:65b:157d/125', 91);
insert into ports (id, interface_name, port, vlan_id, ipv6, switch_id) values (792, 'trisleylz', 96, 2807, '13dc:21ab:fe80:5c7d:417a:378b:c15f:f5d0/2', 125);
insert into ports (id, interface_name, port, vlan_id, ipv6, switch_id) values (793, 'hprugelm0', 67, 791, 'd24a:3b7c:e069:6351:7447:5959:e410:e758/82', 106);
insert into ports (id, interface_name, port, vlan_id, ipv6, switch_id) values (794, 'rbilesm1', 68, 538, '1eac:cbe3:1b:9c67:2dc7:fa6e:89e8:3b7a/73', 101);
insert into ports (id, interface_name, port, vlan_id, ipv6, switch_id) values (795, 'shorneym2', 15, 1413, 'f3ed:70ea:9537:ed8d:6bab:97f5:37a7:c1f0/33', 178);
insert into ports (id, interface_name, port, vlan_id, ipv6, switch_id) values (796, 'gbeesleym3', 98, 2797, 'b908:4042:6079:4b6f:f5b4:c0e9:9867:ce4c/69', 197);
insert into ports (id, interface_name, port, vlan_id, ipv6, switch_id) values (797, 'hbroadym4', 128, 1719, '9ee8:e572:2aa3:50c9:f78e:50ad:8faa:77e3/5', 22);
insert into ports (id, interface_name, port, vlan_id, ipv6, switch_id) values (798, 'nwreathm5', 22, 1964, '60b1:6716:d966:ad32:672e:af4f:fbe4:3143/78', 101);
insert into ports (id, interface_name, port, vlan_id, ipv6, switch_id) values (799, 'fjakabm6', 91, 1321, 'f5c3:9be4:d8bc:91dc:d566:6166:c7ca:4002/103', 118);
insert into ports (id, interface_name, port, vlan_id, ipv6, switch_id) values (800, 'qstopfordm7', 37, 2062, 'cf0f:8c62:3709:b272:d910:6f2d:a689:ac0a/92', 2);
insert into ports (id, interface_name, port, vlan_id, ipv6, switch_id) values (801, 'lhiscokem8', 21, 1579, '72fb:e5f7:d952:f331:432c:f724:1ef3:85b/114', 73);
insert into ports (id, interface_name, port, vlan_id, ipv6, switch_id) values (802, 'bsquiresm9', 94, 3150, '63f3:8793:c68e:694e:3785:983b:3657:801b/11', 128);
insert into ports (id, interface_name, port, vlan_id, ipv6, switch_id) values (803, 'asargersonma', 86, 3181, 'fe1b:6879:f5ec:73:2bdf:d334:8ecb:d689/53', 162);
insert into ports (id, interface_name, port, vlan_id, ipv6, switch_id) values (804, 'mgoodbournmb', 19, 1735, 'f089:2265:d7a2:c423:c232:1800:3b9a:4b47/67', 10);
insert into ports (id, interface_name, port, vlan_id, ipv6, switch_id) values (805, 'rhuntressmc', 80, 4072, 'eb2d:4459:13c:b24b:bba3:6355:4177:1036/108', 151);
insert into ports (id, interface_name, port, vlan_id, ipv6, switch_id) values (806, 'drivalandmd', 104, 943, 'e5d2:3d7d:f59b:594c:3e02:acda:d8bb:5738/27', 30);
insert into ports (id, interface_name, port, vlan_id, ipv6, switch_id) values (807, 'afenimoreme', 113, 2927, '7f5b:31dc:94fa:40bf:628f:bddf:979f:b7da/52', 70);
insert into ports (id, interface_name, port, vlan_id, ipv6, switch_id) values (808, 'cstivensmf', 21, 4063, '67e9:9190:fe8a:7ea2:1df5:7bce:eb94:10a/14', 138);
insert into ports (id, interface_name, port, vlan_id, ipv6, switch_id) values (809, 'gfonteynemg', 112, 788, 'a033:d852:2e46:8d3a:8687:22f2:8146:6b7c/61', 18);
insert into ports (id, interface_name, port, vlan_id, ipv6, switch_id) values (810, 'ccoxallmh', 70, 448, 'fde:9dd9:120e:b206:b432:b233:af09:62dc/57', 84);
insert into ports (id, interface_name, port, vlan_id, ipv6, switch_id) values (811, 'tburkhillmi', 54, 2533, '629b:754:bb1e:ef00:fb44:39a7:bea4:ce13/25', 95);
insert into ports (id, interface_name, port, vlan_id, ipv6, switch_id) values (812, 'iclaydenmj', 90, 691, '1267:da22:b286:75d:bf45:6acf:af6f:33e2/63', 195);
insert into ports (id, interface_name, port, vlan_id, ipv6, switch_id) values (813, 'cstebbinmk', 25, 2277, 'a5b0:7add:8635:4afe:745f:46a8:6b40:e120/2', 96);
insert into ports (id, interface_name, port, vlan_id, ipv6, switch_id) values (814, 'agrcicml', 8, 2915, '5232:b0d:4dc3:c882:4f59:122c:3e84:35c1/56', 183);
insert into ports (id, interface_name, port, vlan_id, ipv6, switch_id) values (815, 'ftittmm', 128, 2541, 'a1fe:a4f9:85bb:e023:53ca:9e26:4705:8d1b/57', 80);
insert into ports (id, interface_name, port, vlan_id, ipv6, switch_id) values (816, 'dlinceymn', 84, 850, '8a32:8ace:bec0:4383:83ae:e2ee:18b5:3d80/111', 96);
insert into ports (id, interface_name, port, vlan_id, ipv6, switch_id) values (817, 'vhollyardmo', 76, 2074, 'e815:b45e:2d80:4be3:781a:1e72:826:2d49/103', 16);
insert into ports (id, interface_name, port, vlan_id, ipv6, switch_id) values (818, 'jlundbechmp', 113, 4009, '9ac8:76a3:4d88:9ffa:fb9a:305c:7a1c:c3f7/57', 84);
insert into ports (id, interface_name, port, vlan_id, ipv6, switch_id) values (819, 'ljenninsmq', 6, 143, '36b1:58c2:2d99:766:96b8:2964:5835:e815/38', 191);
insert into ports (id, interface_name, port, vlan_id, ipv6, switch_id) values (820, 'sblazewiczmr', 75, 2699, 'abf1:12a8:c8ee:9040:5d27:543b:ace8:42ca/40', 145);
insert into ports (id, interface_name, port, vlan_id, ipv6, switch_id) values (821, 'pneevems', 114, 608, 'c144:b877:c9c6:34c6:4aa3:e4bd:741:b581/73', 29);
insert into ports (id, interface_name, port, vlan_id, ipv6, switch_id) values (822, 'imanusmt', 104, 1755, '8d82:518b:2691:daae:799d:2230:728a:cc54/30', 11);
insert into ports (id, interface_name, port, vlan_id, ipv6, switch_id) values (823, 'vtillettmu', 10, 1635, '75c1:c7f6:817e:6936:b4bc:b9df:f83a:d66e/123', 115);
insert into ports (id, interface_name, port, vlan_id, ipv6, switch_id) values (824, 'rfennellymv', 33, 1472, 'd935:b2ab:a567:b934:56a3:71e1:180:dac2/54', 92);
insert into ports (id, interface_name, port, vlan_id, ipv6, switch_id) values (825, 'sstambridgemw', 22, 2007, 'a1e8:4210:157:9c72:ee84:ffdf:8e97:2c42/70', 102);
insert into ports (id, interface_name, port, vlan_id, ipv6, switch_id) values (826, 'gmcguanemx', 124, 3530, 'eee2:c5b5:2576:6a7b:e397:cbd6:e907:c5d9/112', 168);
insert into ports (id, interface_name, port, vlan_id, ipv6, switch_id) values (827, 'froseamanmy', 17, 2661, '58d8:49d0:798b:5710:5c69:d15e:8063:a582/1', 138);
insert into ports (id, interface_name, port, vlan_id, ipv6, switch_id) values (828, 'bdewiremz', 58, 3052, 'c4e5:b16e:ffde:6e26:2e93:e563:33be:8885/59', 174);
insert into ports (id, interface_name, port, vlan_id, ipv6, switch_id) values (829, 'jdarkn0', 80, 3888, 'aca7:7b2c:74e6:5b06:bc4a:818b:546e:da12/37', 168);
insert into ports (id, interface_name, port, vlan_id, ipv6, switch_id) values (830, 'alampeln1', 57, 2612, 'a46d:9dc0:5965:22a4:f618:618f:cc7d:f4d3/62', 116);
insert into ports (id, interface_name, port, vlan_id, ipv6, switch_id) values (831, 'bologann2', 8, 2517, '2580:53d9:b8ac:9ad:7124:fc02:ca4f:1040/37', 31);
insert into ports (id, interface_name, port, vlan_id, ipv6, switch_id) values (832, 'rlagon3', 72, 2314, '24a5:c961:2e43:9f57:688c:e67e:a00:b245/92', 87);
insert into ports (id, interface_name, port, vlan_id, ipv6, switch_id) values (833, 'rcaveaun4', 51, 2901, '4ba:fced:a03b:e859:4177:1841:69cc:bcb1/123', 26);
insert into ports (id, interface_name, port, vlan_id, ipv6, switch_id) values (834, 'bbardwalln5', 18, 1288, 'fcda:6ab3:bbd3:8d8b:2534:98e3:e2c2:5efb/112', 81);
insert into ports (id, interface_name, port, vlan_id, ipv6, switch_id) values (835, 'dainscoughn6', 66, 458, '3a3:eb7f:8f1a:f191:c285:b5a6:10c7:5871/80', 188);
insert into ports (id, interface_name, port, vlan_id, ipv6, switch_id) values (836, 'bcarseyn7', 10, 3509, 'f49d:55fb:225b:f8e6:4a20:284f:6db9:a9b5/56', 34);
insert into ports (id, interface_name, port, vlan_id, ipv6, switch_id) values (837, 'trosenfeltn8', 117, 2868, '7e0c:7e68:6680:f2f6:f408:6a5b:d3e1:5c62/98', 165);
insert into ports (id, interface_name, port, vlan_id, ipv6, switch_id) values (838, 'cdeferrarisn9', 10, 2421, 'c1b6:42a8:c572:5392:5920:f514:f8a:2039/116', 73);
insert into ports (id, interface_name, port, vlan_id, ipv6, switch_id) values (839, 'kbiggerstaffna', 56, 2146, 'a1dd:7b8d:4d7:65ee:9591:cd55:c7f5:c16b/24', 18);
insert into ports (id, interface_name, port, vlan_id, ipv6, switch_id) values (840, 'ilethleynb', 99, 3959, '2a99:15ff:41:effe:78bc:88f7:d4f:9756/11', 44);
insert into ports (id, interface_name, port, vlan_id, ipv6, switch_id) values (841, 'sstaddingnc', 43, 3098, '62cb:93d7:5e65:4680:4d36:b910:82ed:5e62/3', 86);
insert into ports (id, interface_name, port, vlan_id, ipv6, switch_id) values (842, 'btrundlend', 37, 1454, '9322:8037:ff8a:3107:1a35:77e6:baee:42b7/90', 67);
insert into ports (id, interface_name, port, vlan_id, ipv6, switch_id) values (843, 'cansillne', 7, 278, '64eb:9caa:ba18:60cd:e55e:4fa4:4486:d35/78', 197);
insert into ports (id, interface_name, port, vlan_id, ipv6, switch_id) values (844, 'bwressellnf', 64, 2449, '21a2:7c4f:9769:d733:31:cd90:f2b7:c473/86', 130);
insert into ports (id, interface_name, port, vlan_id, ipv6, switch_id) values (845, 'wcattonng', 2, 2988, 'd3ff:a9ea:8dce:a2de:c0a6:107d:504:a010/50', 81);
insert into ports (id, interface_name, port, vlan_id, ipv6, switch_id) values (846, 'dpettiphernh', 120, 946, '4abd:82f5:40f0:b29e:6b81:b3b4:eb8a:83a5/90', 114);
insert into ports (id, interface_name, port, vlan_id, ipv6, switch_id) values (847, 'ngimbartni', 20, 2729, '3cee:4d7:745:e03c:f366:f0fe:856:7e55/7', 161);
insert into ports (id, interface_name, port, vlan_id, ipv6, switch_id) values (848, 'gbearcroftnj', 3, 2731, 'a1ef:b9a3:cd7d:60ec:450a:c551:1384:3484/6', 48);
insert into ports (id, interface_name, port, vlan_id, ipv6, switch_id) values (849, 'jstainlandnk', 81, 3924, 'c63a:63f7:6b3e:ad08:5a72:24bd:57e2:8087/73', 105);
insert into ports (id, interface_name, port, vlan_id, ipv6, switch_id) values (850, 'ocobboldnl', 48, 2614, '446b:a948:eebd:b126:a565:7ebb:329c:eb0b/42', 46);
insert into ports (id, interface_name, port, vlan_id, ipv6, switch_id) values (851, 'rchampnessnm', 109, 2237, 'c227:688f:1741:491f:a24e:51bc:8adf:848b/86', 54);
insert into ports (id, interface_name, port, vlan_id, ipv6, switch_id) values (852, 'tstygallnn', 70, 3040, '38d6:762d:ce64:cfd3:4ace:f4b0:dfc9:4d8c/61', 64);
insert into ports (id, interface_name, port, vlan_id, ipv6, switch_id) values (853, 'msinghno', 35, 2509, '3451:9ad5:434a:c79b:e740:bf34:241e:492a/62', 156);
insert into ports (id, interface_name, port, vlan_id, ipv6, switch_id) values (854, 'abalaizotnp', 8, 3227, '6c5e:f32:5472:952:366a:6582:cab0:7d6c/107', 121);
insert into ports (id, interface_name, port, vlan_id, ipv6, switch_id) values (855, 'emccanenq', 55, 702, '3264:23e2:3b12:9866:a20f:375:f5f2:59b6/64', 140);
insert into ports (id, interface_name, port, vlan_id, ipv6, switch_id) values (856, 'obaumannnr', 92, 3693, '6768:a098:f1d2:840d:2dfd:c9a4:fc8c:346a/103', 26);
insert into ports (id, interface_name, port, vlan_id, ipv6, switch_id) values (857, 'treardonns', 58, 120, 'e21a:c922:65e:b3a4:182b:486c:bbf6:3953/9', 10);
insert into ports (id, interface_name, port, vlan_id, ipv6, switch_id) values (858, 'tivanitsant', 20, 2936, 'c530:c3d0:35c8:479d:c620:bd6e:a7be:9d8d/98', 169);
insert into ports (id, interface_name, port, vlan_id, ipv6, switch_id) values (859, 'tsturdeynu', 124, 3925, '45d5:840b:378:58e5:5749:8185:42f7:6fae/5', 128);
insert into ports (id, interface_name, port, vlan_id, ipv6, switch_id) values (860, 'mszantonv', 66, 3457, 'b504:33f9:a518:31c9:4205:5d01:cc23:ad75/115', 170);
insert into ports (id, interface_name, port, vlan_id, ipv6, switch_id) values (861, 'bweinenw', 97, 2775, '610c:5856:4e3e:419e:7ee0:e837:c876:aec1/57', 21);
insert into ports (id, interface_name, port, vlan_id, ipv6, switch_id) values (862, 'sdownx', 84, 941, '19cb:9d3b:284c:5a1f:c946:6e30:85df:c3c3/102', 19);
insert into ports (id, interface_name, port, vlan_id, ipv6, switch_id) values (863, 'hdunkerlyny', 111, 1381, 'a673:208d:62f2:a2a3:bcea:8ef3:e740:f961/120', 200);
insert into ports (id, interface_name, port, vlan_id, ipv6, switch_id) values (864, 'bkeblenz', 39, 605, '82:ac3c:eef8:e894:7db4:a7a5:29bc:76ad/114', 24);
insert into ports (id, interface_name, port, vlan_id, ipv6, switch_id) values (865, 'lgovetto0', 116, 1198, '6225:11a9:5589:4e81:5e20:56a1:589:e30d/12', 160);
insert into ports (id, interface_name, port, vlan_id, ipv6, switch_id) values (866, 'pkarpushkino1', 60, 2045, '8316:cc8e:65a7:7423:57d9:7085:aa01:aebc/120', 105);
insert into ports (id, interface_name, port, vlan_id, ipv6, switch_id) values (867, 'mmckieo2', 61, 1871, '9038:609a:11f:b933:8f2f:8f2d:e36e:b086/38', 112);
insert into ports (id, interface_name, port, vlan_id, ipv6, switch_id) values (868, 'mbardeyo3', 57, 1858, '1f20:a284:4625:edfb:d874:1c43:b031:3e83/17', 187);
insert into ports (id, interface_name, port, vlan_id, ipv6, switch_id) values (869, 'ktregenzao4', 116, 336, '64fb:7db1:7164:142d:fb6c:2972:17e4:157c/62', 158);
insert into ports (id, interface_name, port, vlan_id, ipv6, switch_id) values (870, 'gkedslieo5', 75, 3526, 'd73b:fd16:df6e:2885:5497:6b97:aa1d:9f8/97', 173);
insert into ports (id, interface_name, port, vlan_id, ipv6, switch_id) values (871, 'wroado6', 93, 2279, '3d05:a15a:9020:942c:448a:3a2b:6788:f6a0/66', 113);
insert into ports (id, interface_name, port, vlan_id, ipv6, switch_id) values (872, 'imoraleeo7', 75, 2058, 'ed75:89b0:98e2:e387:3c37:138d:a14c:7ba4/121', 7);
insert into ports (id, interface_name, port, vlan_id, ipv6, switch_id) values (873, 'jgoedeo8', 28, 1280, 'ecc0:bbb1:a7a7:8eff:f196:5f41:45d5:21db/49', 190);
insert into ports (id, interface_name, port, vlan_id, ipv6, switch_id) values (874, 'amcgiveno9', 29, 2710, '1b8f:eb46:9a35:35d8:86af:cb8a:7f30:94b6/20', 175);
insert into ports (id, interface_name, port, vlan_id, ipv6, switch_id) values (875, 'dludeoa', 90, 1568, '58b1:47b2:8f08:7e62:844c:8687:6bf2:123f/99', 72);
insert into ports (id, interface_name, port, vlan_id, ipv6, switch_id) values (876, 'kyezafovichob', 49, 2934, 'e4ef:8606:58e8:39f7:bf0e:36c2:9cfa:d8b5/43', 186);
insert into ports (id, interface_name, port, vlan_id, ipv6, switch_id) values (877, 'cboyackoc', 128, 3538, '7253:a8ee:8914:16ac:d9e2:9cc:5a1c:27e2/87', 180);
insert into ports (id, interface_name, port, vlan_id, ipv6, switch_id) values (878, 'dvillaod', 23, 1128, 'aed3:67eb:a240:28bf:6a10:2195:5181:e2f7/107', 42);
insert into ports (id, interface_name, port, vlan_id, ipv6, switch_id) values (879, 'jdymokeoe', 91, 1006, '99f8:2944:aacc:25eb:c25c:cf7b:e989:eeef/78', 25);
insert into ports (id, interface_name, port, vlan_id, ipv6, switch_id) values (880, 'aawcoateof', 110, 663, '5440:8ed2:f8d3:c8d2:dd52:4d53:e563:4be2/10', 111);
insert into ports (id, interface_name, port, vlan_id, ipv6, switch_id) values (881, 'bjermanog', 34, 2121, '101a:1a30:732a:f363:dab0:b5c8:f57c:adcc/66', 172);
insert into ports (id, interface_name, port, vlan_id, ipv6, switch_id) values (882, 'ppascoeoh', 61, 1057, '9725:9aee:6e8a:22b0:e972:6f98:702:8950/72', 140);
insert into ports (id, interface_name, port, vlan_id, ipv6, switch_id) values (883, 'egirardengooi', 100, 3324, '534d:bc25:6422:8eb0:2b22:bf6d:4242:6f47/101', 66);
insert into ports (id, interface_name, port, vlan_id, ipv6, switch_id) values (884, 'mtamlettoj', 15, 2322, 'f480:ee7:a450:cd8a:43a7:a628:7057:65d7/55', 61);
insert into ports (id, interface_name, port, vlan_id, ipv6, switch_id) values (885, 'loldamok', 113, 1397, 'c20f:207d:3cf3:beae:562a:bfb0:98ae:a282/85', 154);
insert into ports (id, interface_name, port, vlan_id, ipv6, switch_id) values (886, 'wbarghol', 46, 2925, '6df4:3c2e:171c:f68a:52e4:cfbd:8cc1:83eb/121', 55);
insert into ports (id, interface_name, port, vlan_id, ipv6, switch_id) values (887, 'ryewdaleom', 101, 1246, 'dc3a:6fd4:fdd9:bcaf:cad3:fc43:8365:b88e/62', 115);
insert into ports (id, interface_name, port, vlan_id, ipv6, switch_id) values (888, 'lforganon', 105, 1244, '4a4:2b47:e784:8e84:6dcc:f82f:423:805f/122', 171);
insert into ports (id, interface_name, port, vlan_id, ipv6, switch_id) values (889, 'hwhippleoo', 70, 389, '574:7420:5484:e21f:e68e:851a:d52b:4719/102', 110);
insert into ports (id, interface_name, port, vlan_id, ipv6, switch_id) values (890, 'bolenchenkoop', 94, 636, '624f:3146:3763:6027:a434:4de4:d833:94a5/8', 154);
insert into ports (id, interface_name, port, vlan_id, ipv6, switch_id) values (891, 'craikesoq', 125, 2128, '7364:ed40:ae8f:cb3:fce2:7156:22a0:16a9/125', 173);
insert into ports (id, interface_name, port, vlan_id, ipv6, switch_id) values (892, 'gsutlieffor', 28, 1937, '6e3e:44c0:5f83:1557:a8ed:9bc7:44d6:6691/52', 146);
insert into ports (id, interface_name, port, vlan_id, ipv6, switch_id) values (893, 'ebenedettinios', 45, 1613, '9526:61e8:bc74:3bcb:2d4a:7a37:e7ac:f8ba/106', 67);
insert into ports (id, interface_name, port, vlan_id, ipv6, switch_id) values (894, 'fswafieldot', 4, 1610, 'ef86:37bd:159f:6ddb:e7b2:87b8:255c:bd88/119', 44);
insert into ports (id, interface_name, port, vlan_id, ipv6, switch_id) values (895, 'nhammantou', 82, 1661, '447b:2daa:7223:7610:f9e:8044:8cc8:a4ed/6', 178);
insert into ports (id, interface_name, port, vlan_id, ipv6, switch_id) values (896, 'acrookesov', 125, 2098, 'fb05:9625:1a90:2fd:22fa:6eb1:7716:65f8/106', 97);
insert into ports (id, interface_name, port, vlan_id, ipv6, switch_id) values (897, 'ebaptistow', 7, 456, '9bc7:270a:2952:b124:8f74:a769:fdf5:faef/55', 119);
insert into ports (id, interface_name, port, vlan_id, ipv6, switch_id) values (898, 'ddantuoniox', 71, 1473, 'b3e3:8e44:5c47:a7bb:761b:27a5:b5f8:cc8c/11', 102);
insert into ports (id, interface_name, port, vlan_id, ipv6, switch_id) values (899, 'gsergisonoy', 64, 1122, 'ec33:b7c9:8aee:ab66:9240:8d58:12f:beaf/114', 43);
insert into ports (id, interface_name, port, vlan_id, ipv6, switch_id) values (900, 'scanningoz', 1, 2179, 'd5ef:ad1d:e93d:498b:ff07:18b1:6bfb:e9e2/114', 197);
insert into ports (id, interface_name, port, vlan_id, ipv6, switch_id) values (901, 'rlogsdailp0', 102, 1879, 'b669:63bc:3ac5:8e57:cd81:68c:e687:db38/108', 118);
insert into ports (id, interface_name, port, vlan_id, ipv6, switch_id) values (902, 'ppoxonp1', 97, 540, 'd09d:486d:4846:172c:c3ae:59d7:b7d3:db6c/104', 77);
insert into ports (id, interface_name, port, vlan_id, ipv6, switch_id) values (903, 'hfisbburnep2', 81, 3844, '1672:40c4:9bfb:db34:5234:e451:48ed:4519/84', 40);
insert into ports (id, interface_name, port, vlan_id, ipv6, switch_id) values (904, 'rorhrtp3', 31, 4066, 'c9d8:4473:7bd9:7b95:a912:d1ec:d29b:f546/91', 192);
insert into ports (id, interface_name, port, vlan_id, ipv6, switch_id) values (905, 'lgrowyp4', 97, 247, '5fba:4607:1d7b:2da2:3e28:e44f:90c4:7ca9/122', 14);
insert into ports (id, interface_name, port, vlan_id, ipv6, switch_id) values (906, 'dshovlinp5', 21, 664, 'b63:4aec:67f5:15d1:8746:4994:5b21:2c97/124', 193);
insert into ports (id, interface_name, port, vlan_id, ipv6, switch_id) values (907, 'aspearmanp6', 56, 256, '197d:8cba:fbb0:48d:6863:9c28:1d31:d9c/78', 179);
insert into ports (id, interface_name, port, vlan_id, ipv6, switch_id) values (908, 'lmartinecp7', 39, 1099, 'c252:8223:edc7:8b23:95e8:a40d:baec:3c24/113', 160);
insert into ports (id, interface_name, port, vlan_id, ipv6, switch_id) values (909, 'hmccathiep8', 35, 3330, 'cb45:8a3c:8678:81ef:5a4e:d7f8:5e80:d75a/122', 8);
insert into ports (id, interface_name, port, vlan_id, ipv6, switch_id) values (910, 'cmatysp9', 81, 2976, '726d:a916:5434:cca0:b955:fc03:8d13:814a/8', 97);
insert into ports (id, interface_name, port, vlan_id, ipv6, switch_id) values (911, 'fbullinpa', 32, 3526, '8611:12a3:271a:2021:bb37:1006:57a:21f0/65', 49);
insert into ports (id, interface_name, port, vlan_id, ipv6, switch_id) values (912, 'mbogpb', 9, 190, 'ea4e:d3bd:4ced:b7cc:df7a:3054:eb87:24de/120', 166);
insert into ports (id, interface_name, port, vlan_id, ipv6, switch_id) values (913, 'mlomenpc', 82, 1130, '8489:3db9:f959:746b:cb40:cb9a:4aca:c648/125', 126);
insert into ports (id, interface_name, port, vlan_id, ipv6, switch_id) values (914, 'cpetruszkapd', 58, 305, '43ed:ca78:1806:bc87:a724:94f7:d00b:5e/66', 119);
insert into ports (id, interface_name, port, vlan_id, ipv6, switch_id) values (915, 'rchaffenpe', 117, 3516, '341:41e2:2799:b8a3:bda1:b91a:622:9f42/1', 112);
insert into ports (id, interface_name, port, vlan_id, ipv6, switch_id) values (916, 'eflawithpf', 83, 2226, 'b0cd:9338:d57e:9b9f:e086:2b0a:246f:32c4/74', 116);
insert into ports (id, interface_name, port, vlan_id, ipv6, switch_id) values (917, 'rchalcotpg', 37, 761, '9107:9123:92d8:276f:80c3:4115:b63:4b2f/103', 89);
insert into ports (id, interface_name, port, vlan_id, ipv6, switch_id) values (918, 'bwissbeyph', 10, 3625, '3635:6936:e6c8:1e21:9a70:5e30:cc22:20bb/12', 130);
insert into ports (id, interface_name, port, vlan_id, ipv6, switch_id) values (919, 'awidockspi', 126, 3761, '201f:3098:f2e7:f3ed:4e52:bb0b:46:fbd3/94', 171);
insert into ports (id, interface_name, port, vlan_id, ipv6, switch_id) values (920, 'egrubepj', 74, 2279, '371d:97aa:1ed2:aafe:83e7:a0e:e96:b9c4/43', 30);
insert into ports (id, interface_name, port, vlan_id, ipv6, switch_id) values (921, 'istetsonpk', 92, 1972, '7b7c:5293:418e:f4dc:36a:1ecf:8fe3:c46a/95', 171);
insert into ports (id, interface_name, port, vlan_id, ipv6, switch_id) values (922, 'gomullallypl', 13, 3164, '99f5:464:453c:4185:5efe:f141:d962:9688/52', 116);
insert into ports (id, interface_name, port, vlan_id, ipv6, switch_id) values (923, 'dohannaypm', 74, 1989, '45a8:3703:82c3:8562:da3a:98c9:fbf5:a8a6/55', 137);
insert into ports (id, interface_name, port, vlan_id, ipv6, switch_id) values (924, 'tmclemanpn', 108, 2264, 'a425:63bb:87f0:acd9:6219:1176:a839:6243/113', 98);
insert into ports (id, interface_name, port, vlan_id, ipv6, switch_id) values (925, 'mcovillpo', 109, 1437, '46e4:4e25:4418:3827:1d73:7c7b:c911:1b9c/41', 171);
insert into ports (id, interface_name, port, vlan_id, ipv6, switch_id) values (926, 'frobioupp', 81, 3204, 'a155:994d:17a2:c51c:6b9:403f:5f52:fa51/97', 131);
insert into ports (id, interface_name, port, vlan_id, ipv6, switch_id) values (927, 'gkalderonpq', 73, 3127, '1724:6e2e:b426:29ac:e197:438a:e299:b267/58', 182);
insert into ports (id, interface_name, port, vlan_id, ipv6, switch_id) values (928, 'njuarezpr', 46, 627, 'c294:f4cb:b6b9:6948:fba7:b923:dfde:2a13/87', 144);
insert into ports (id, interface_name, port, vlan_id, ipv6, switch_id) values (929, 'bgairdnerps', 116, 3531, 'cccd:425b:c4df:fccd:4b45:4cc0:c95:aa3f/32', 179);
insert into ports (id, interface_name, port, vlan_id, ipv6, switch_id) values (930, 'vdowzellpt', 62, 1022, '7de9:b3b1:f933:1742:fe1c:13ab:40ce:fcfa/87', 5);
insert into ports (id, interface_name, port, vlan_id, ipv6, switch_id) values (931, 'jfairweatherpu', 37, 3172, '42b0:421b:89a9:a68b:23b6:8a37:2:7d66/96', 108);
insert into ports (id, interface_name, port, vlan_id, ipv6, switch_id) values (932, 'mvirgoepv', 72, 1899, '3846:b049:4da8:88e4:6bbb:cad:bdb1:d7bd/26', 30);
insert into ports (id, interface_name, port, vlan_id, ipv6, switch_id) values (933, 'bclewlowepw', 115, 392, '7bb9:2956:9b31:dcd1:8873:f09c:8367:ce2e/26', 63);
insert into ports (id, interface_name, port, vlan_id, ipv6, switch_id) values (934, 'csimecekpx', 19, 24, '325f:10a8:3a0a:f965:27f8:90a6:d79d:beb7/31', 111);
insert into ports (id, interface_name, port, vlan_id, ipv6, switch_id) values (935, 'jtuckermanpy', 105, 3526, 'c5a9:1518:c949:9562:206e:ea33:2c4:af61/73', 184);
insert into ports (id, interface_name, port, vlan_id, ipv6, switch_id) values (936, 'bmangeonpz', 117, 634, '5030:56f6:3b7a:23c6:a06a:8690:89ac:d58a/56', 88);
insert into ports (id, interface_name, port, vlan_id, ipv6, switch_id) values (937, 'sdellenbrookq0', 128, 580, '90b1:5169:5403:ebcc:182b:6b54:ddaa:c47f/104', 169);
insert into ports (id, interface_name, port, vlan_id, ipv6, switch_id) values (938, 'tcuerdaleq1', 39, 1300, '8086:8500:a4f4:4496:38ec:7070:164b:62f4/105', 111);
insert into ports (id, interface_name, port, vlan_id, ipv6, switch_id) values (939, 'clannonq2', 33, 1420, '6c7a:5275:fd87:f50c:faa8:2360:d9e3:8dd7/61', 171);
insert into ports (id, interface_name, port, vlan_id, ipv6, switch_id) values (940, 'dwetherburnq3', 81, 1822, '1011:91c6:6903:848f:5f0d:497c:9043:fa1f/39', 62);
insert into ports (id, interface_name, port, vlan_id, ipv6, switch_id) values (941, 'ndunsterq4', 81, 2007, '4a86:9f8e:5007:8ed6:890:9403:354:6224/103', 87);
insert into ports (id, interface_name, port, vlan_id, ipv6, switch_id) values (942, 'wyeomanq5', 16, 567, '2736:5bb5:7db9:c99f:1504:1a86:be2c:ae2c/25', 180);
insert into ports (id, interface_name, port, vlan_id, ipv6, switch_id) values (943, 'cmacilhaggaq6', 7, 286, 'a27c:98c7:2ac4:558:bdf6:19bc:158d:7d1d/64', 105);
insert into ports (id, interface_name, port, vlan_id, ipv6, switch_id) values (944, 'cbeineq7', 102, 3129, '7180:b272:7b2a:c81:38c6:b5f4:e928:bfdb/120', 80);
insert into ports (id, interface_name, port, vlan_id, ipv6, switch_id) values (945, 'spawelskiq8', 118, 117, '74be:4255:2955:b530:a798:1509:6361:8728/114', 72);
insert into ports (id, interface_name, port, vlan_id, ipv6, switch_id) values (946, 'jpeiserq9', 59, 634, 'b046:51e7:a1b4:7dd4:d9f8:c64e:f6a1:78ac/78', 95);
insert into ports (id, interface_name, port, vlan_id, ipv6, switch_id) values (947, 'knorburyqa', 70, 309, '3121:439e:8cb6:cf47:deb6:fbc0:dfa9:a506/52', 102);
insert into ports (id, interface_name, port, vlan_id, ipv6, switch_id) values (948, 'lraulinqb', 101, 3992, '1168:b8ea:cba3:55fc:3e9:3184:d2cb:bf00/89', 50);
insert into ports (id, interface_name, port, vlan_id, ipv6, switch_id) values (949, 'ajedrasikqc', 79, 3300, '861f:821d:819c:aea6:c640:4bed:1883:a715/64', 27);
insert into ports (id, interface_name, port, vlan_id, ipv6, switch_id) values (950, 'tathowqd', 114, 2338, 'd5d3:f2a7:c0f3:d384:7740:97ed:9811:e087/46', 116);
insert into ports (id, interface_name, port, vlan_id, ipv6, switch_id) values (951, 'cdingsdaleqe', 82, 3804, '1a1a:864d:c887:3e8c:a014:b9f6:9617:e893/83', 152);
insert into ports (id, interface_name, port, vlan_id, ipv6, switch_id) values (952, 'rfaustqf', 65, 1294, '5850:5e48:cb12:e279:a9b5:aeb0:10ba:7c16/115', 164);
insert into ports (id, interface_name, port, vlan_id, ipv6, switch_id) values (953, 'awellsqg', 61, 1921, '60b3:9fde:eb15:fb2e:8685:f168:42bd:c259/69', 161);
insert into ports (id, interface_name, port, vlan_id, ipv6, switch_id) values (954, 'gtattershawqh', 13, 1810, '87cf:6ba5:94b1:a1ee:f2a2:d8a:4381:f1cd/121', 92);
insert into ports (id, interface_name, port, vlan_id, ipv6, switch_id) values (955, 'writmeierqi', 31, 959, 'af40:1cc5:5080:c64a:8197:9e76:95b1:507/51', 77);
insert into ports (id, interface_name, port, vlan_id, ipv6, switch_id) values (956, 'nyandellqj', 4, 1465, 'f9c1:34b5:7b65:ee3b:c642:1885:1988:1c28/71', 8);
insert into ports (id, interface_name, port, vlan_id, ipv6, switch_id) values (957, 'ecomiqk', 7, 3005, '3145:8016:fb5a:149e:2994:1ae4:7f43:2f43/120', 134);
insert into ports (id, interface_name, port, vlan_id, ipv6, switch_id) values (958, 'mhustlerql', 21, 1249, '7f88:d7be:92cd:b087:5841:8aec:23a5:fecd/15', 23);
insert into ports (id, interface_name, port, vlan_id, ipv6, switch_id) values (959, 'rbankerqm', 40, 3211, '3e43:e1e6:bfde:30a2:a1de:19ac:8434:e821/84', 170);
insert into ports (id, interface_name, port, vlan_id, ipv6, switch_id) values (960, 'ayelyashevqn', 24, 930, '8570:5f34:b5ac:ed4f:cac1:caa9:637:fedb/106', 189);
insert into ports (id, interface_name, port, vlan_id, ipv6, switch_id) values (961, 'hziemsqo', 96, 595, 'e593:a952:b7ad:6e27:5e15:d66d:e6ea:44b4/67', 27);
insert into ports (id, interface_name, port, vlan_id, ipv6, switch_id) values (962, 'dflavelleqp', 82, 990, 'eb1e:389:bf2:21e0:b639:c4b1:28dc:cc42/102', 23);
insert into ports (id, interface_name, port, vlan_id, ipv6, switch_id) values (963, 'bmattocksqq', 53, 2601, '759d:a2a1:1d4b:89e8:637b:a9e2:dcdf:4ff4/72', 119);
insert into ports (id, interface_name, port, vlan_id, ipv6, switch_id) values (964, 'jdarleyqr', 29, 743, '3d96:ee99:6ea3:71ea:f5de:134c:697b:3817/104', 115);
insert into ports (id, interface_name, port, vlan_id, ipv6, switch_id) values (965, 'ubrookwellqs', 58, 2124, '4ef8:9f37:6bb0:73c7:b792:6d5c:d900:fdab/99', 130);
insert into ports (id, interface_name, port, vlan_id, ipv6, switch_id) values (966, 'ggaddasqt', 110, 2309, '6e2d:a84f:a769:83a7:f7f8:2700:823b:2247/122', 188);
insert into ports (id, interface_name, port, vlan_id, ipv6, switch_id) values (967, 'scristoforiqu', 39, 3393, '3b82:6c50:e125:bc9a:c668:4daa:cd85:5237/24', 51);
insert into ports (id, interface_name, port, vlan_id, ipv6, switch_id) values (968, 'dsamuelsqv', 68, 667, 'e9f5:2f8d:be8c:7cc8:bf8b:fd8d:98fd:207b/41', 189);
insert into ports (id, interface_name, port, vlan_id, ipv6, switch_id) values (969, 'mphidginqw', 92, 2235, '61a4:14be:cee0:7d67:474c:2c02:8405:7ce/86', 147);
insert into ports (id, interface_name, port, vlan_id, ipv6, switch_id) values (970, 'cbraikenridgeqx', 47, 1838, '7fbe:425e:e183:3356:215a:68fd:9a4f:dc4e/97', 138);
insert into ports (id, interface_name, port, vlan_id, ipv6, switch_id) values (971, 'gnewberryqy', 11, 3918, 'a2bc:64f1:610b:a620:b8c:67:4a34:16dd/98', 128);
insert into ports (id, interface_name, port, vlan_id, ipv6, switch_id) values (972, 'cdalgleishqz', 92, 497, 'be1a:459f:d43c:4664:75a8:4cec:7277:bba4/125', 27);
insert into ports (id, interface_name, port, vlan_id, ipv6, switch_id) values (973, 'gwadlyr0', 66, 3792, 'ea:50d3:6c57:f179:c965:c281:b451:f7d9/62', 74);
insert into ports (id, interface_name, port, vlan_id, ipv6, switch_id) values (974, 'dbartoshevichr1', 48, 1894, '4f9f:bd97:c7ee:57f:c6ee:8203:3fd2:f52c/25', 50);
insert into ports (id, interface_name, port, vlan_id, ipv6, switch_id) values (975, 'ngallahuer2', 57, 1916, '1aef:c8cc:2c58:a059:1678:4633:52d8:29bb/58', 183);
insert into ports (id, interface_name, port, vlan_id, ipv6, switch_id) values (976, 'lloynesr3', 95, 3102, 'f41c:b3f3:34a0:1640:699c:ef9e:32c1:9857/6', 60);
insert into ports (id, interface_name, port, vlan_id, ipv6, switch_id) values (977, 'iteer4', 107, 1594, 'e3e4:7be1:cbaa:68ea:c03d:7f53:88d4:e409/31', 84);
insert into ports (id, interface_name, port, vlan_id, ipv6, switch_id) values (978, 'lmaudlingr5', 9, 1555, '7b34:cd33:5800:6915:a323:470a:322a:5a5a/116', 182);
insert into ports (id, interface_name, port, vlan_id, ipv6, switch_id) values (979, 'bchomiszewskir6', 84, 228, '2bc:6083:4b86:84ca:ca56:5f48:816c:63fb/52', 174);
insert into ports (id, interface_name, port, vlan_id, ipv6, switch_id) values (980, 'vcraterer7', 86, 462, 'b439:b291:361a:b8d3:7b79:6da4:5cde:13a5/63', 112);
insert into ports (id, interface_name, port, vlan_id, ipv6, switch_id) values (981, 'zwabersinker8', 8, 1631, 'e1a5:130:cf98:f620:1548:1ed3:eff6:a25a/96', 158);
insert into ports (id, interface_name, port, vlan_id, ipv6, switch_id) values (982, 'bdilliwayr9', 93, 1523, '807d:7541:8eea:3256:7e0c:a4b9:7f9d:a7b3/81', 72);
insert into ports (id, interface_name, port, vlan_id, ipv6, switch_id) values (983, 'mbenoisra', 27, 1533, '527b:a831:c540:e837:d9e1:50a7:4ec1:8fea/107', 119);
insert into ports (id, interface_name, port, vlan_id, ipv6, switch_id) values (984, 'doveringtonrb', 83, 3082, '3be2:8b29:efa1:9989:43e:53f2:f80a:f9e0/24', 89);
insert into ports (id, interface_name, port, vlan_id, ipv6, switch_id) values (985, 'cdevonaldrc', 71, 3, '7d6b:2f29:66dc:54ea:e73a:b03:68f9:257d/97', 159);
insert into ports (id, interface_name, port, vlan_id, ipv6, switch_id) values (986, 'fgiannazzord', 29, 735, '3b60:fbd6:de39:7c86:cfe3:910d:be12:49ed/110', 111);
insert into ports (id, interface_name, port, vlan_id, ipv6, switch_id) values (987, 'bscamblerre', 6, 1808, '704c:b542:ee07:60f:896:a399:79c5:17c1/3', 184);
insert into ports (id, interface_name, port, vlan_id, ipv6, switch_id) values (988, 'ashandrf', 9, 3772, '3c50:2199:2545:38ec:f16a:b117:d089:48f5/107', 175);
insert into ports (id, interface_name, port, vlan_id, ipv6, switch_id) values (989, 'rporterrg', 66, 3103, '2559:6090:c3ef:bbcd:36f0:6e89:53be:25b5/30', 149);
insert into ports (id, interface_name, port, vlan_id, ipv6, switch_id) values (990, 'ffairsrh', 40, 55, '57a9:d558:c83d:85b0:a2b2:cb9b:1310:fadd/5', 165);
insert into ports (id, interface_name, port, vlan_id, ipv6, switch_id) values (991, 'dstonehewerri', 70, 2104, '33f8:7c24:4d19:93d7:14ba:89ba:c9d1:3a8e/87', 35);
insert into ports (id, interface_name, port, vlan_id, ipv6, switch_id) values (992, 'hbuntingrj', 46, 2569, 'f2e8:5a60:6e53:7710:ae1f:f927:1873:9adb/33', 153);
insert into ports (id, interface_name, port, vlan_id, ipv6, switch_id) values (993, 'tibbettrk', 69, 2105, 'b5c8:ccd3:6ca3:708f:57fd:7cc8:1b36:7088/113', 16);
insert into ports (id, interface_name, port, vlan_id, ipv6, switch_id) values (994, 'vvalderl', 99, 3934, 'ac50:8f40:ff0e:5752:e8ed:c8de:64e:1555/84', 160);
insert into ports (id, interface_name, port, vlan_id, ipv6, switch_id) values (995, 'ddorrinsrm', 113, 3209, 'bf57:3947:bbfd:84fc:216d:a452:9f42:a458/67', 115);
insert into ports (id, interface_name, port, vlan_id, ipv6, switch_id) values (996, 'kkilbyrn', 23, 2953, 'eda4:b233:8500:b53f:23e5:b478:bd46:8a0d/88', 84);
insert into ports (id, interface_name, port, vlan_id, ipv6, switch_id) values (997, 'anaishro', 45, 2904, '2d30:539e:8813:49df:4b8d:5b9b:94dc:4cf6/52', 100);
insert into ports (id, interface_name, port, vlan_id, ipv6, switch_id) values (998, 'pfynanrp', 1, 394, '64d2:168b:8d79:a71:d385:c122:cfdd:95b6/71', 17);
insert into ports (id, interface_name, port, vlan_id, ipv6, switch_id) values (999, 'tladerq', 19, 2656, 'ed27:2400:588:cac6:4965:3fa9:3772:6d1/120', 156);
insert into ports (id, interface_name, port, vlan_id, ipv6, switch_id) values (1000, 'spatsallrr', 79, 2782, 'ee74:c5e2:e66f:dce3:b0dd:e7f2:a229:5586/118', 19);
